step,time,loss,acc
50,2025-08-20T01:23:32.993898,6.187944e-03,1.000000e+00
100,2025-08-20T01:23:42.636373,7.613438e-02,9.843750e-01
150,2025-08-20T01:23:52.599286,8.542252e-02,9.843750e-01
200,2025-08-20T01:24:01.930428,1.091944e-01,9.765625e-01
250,2025-08-20T01:24:11.617907,2.996423e-02,1.000000e+00
300,2025-08-20T01:24:21.004929,2.686788e-03,1.000000e+00
350,2025-08-20T01:24:30.635446,2.425850e-02,9.921875e-01
400,2025-08-20T01:24:40.519187,7.960089e-02,9.843750e-01
450,2025-08-20T01:24:50.316620,4.952006e-02,9.921875e-01
500,2025-08-20T01:25:00.293075,5.095991e-02,9.921875e-01
550,2025-08-20T01:26:57.276540,4.383191e-02,9.921875e-01
600,2025-08-20T01:27:06.815990,4.764754e-02,9.921875e-01
650,2025-08-20T01:27:16.400574,4.492176e-02,9.921875e-01
700,2025-08-20T01:27:25.754691,8.022088e-03,1.000000e+00
750,2025-08-20T01:27:35.239924,9.296843e-02,9.843750e-01
800,2025-08-20T01:27:44.632107,1.615282e-01,9.609375e-01
850,2025-08-20T01:27:54.138253,1.245386e-01,9.687500e-01
900,2025-08-20T01:28:03.780807,7.339621e-02,9.843750e-01
950,2025-08-20T01:28:13.223609,1.359292e-02,1.000000e+00
1000,2025-08-20T01:28:22.715839,2.737203e-03,1.000000e+00
1050,2025-08-20T01:30:19.243691,8.803147e-03,1.000000e+00
1100,2025-08-20T01:30:28.844043,4.096895e-02,9.921875e-01
1150,2025-08-20T01:30:38.518919,5.980276e-02,9.921875e-01
1200,2025-08-20T01:30:48.015068,4.074143e-02,9.921875e-01
1250,2025-08-20T01:30:57.373728,7.129119e-02,9.843750e-01
1300,2025-08-20T01:31:06.691472,7.097567e-03,1.000000e+00
1350,2025-08-20T01:31:16.034818,3.162957e-02,9.921875e-01
1400,2025-08-20T01:31:25.603181,1.143772e-02,1.000000e+00
1450,2025-08-20T01:31:35.074270,2.304372e-02,1.000000e+00
1500,2025-08-20T01:31:44.406667,3.878544e-02,9.921875e-01
1550,2025-08-20T01:33:39.059441,5.302966e-02,9.843750e-01
1600,2025-08-20T01:33:48.427036,5.448100e-02,9.921875e-01
1650,2025-08-20T01:33:58.112146,8.527847e-02,9.843750e-01
1700,2025-08-20T01:34:07.656348,1.458095e-02,1.000000e+00
1750,2025-08-20T01:34:17.049057,4.792298e-02,9.921875e-01
1800,2025-08-20T01:34:26.380705,1.934244e-03,1.000000e+00
1850,2025-08-20T01:34:35.790077,4.365136e-02,9.921875e-01
1900,2025-08-20T01:34:45.145743,5.521613e-02,9.921875e-01
1950,2025-08-20T01:34:54.690082,3.790284e-02,9.921875e-01
2000,2025-08-20T01:35:04.240429,1.556411e-02,1.000000e+00
2050,2025-08-20T01:37:03.031162,4.050740e-03,1.000000e+00
2100,2025-08-20T01:37:12.409891,8.855392e-02,9.843750e-01
2150,2025-08-20T01:37:21.755892,4.078634e-02,9.921875e-01
2200,2025-08-20T01:37:31.390712,4.775302e-03,1.000000e+00
2250,2025-08-20T01:37:40.874851,4.180063e-02,9.843750e-01
2300,2025-08-20T01:37:50.364274,5.197663e-02,9.921875e-01
2350,2025-08-20T01:37:59.777103,4.826593e-02,9.921875e-01
2400,2025-08-20T01:38:09.024665,4.879010e-02,9.843750e-01
2450,2025-08-20T01:38:18.527334,4.927018e-02,9.921875e-01
2500,2025-08-20T01:38:28.068812,1.474263e-02,1.000000e+00
2550,2025-08-20T01:40:23.495948,2.727082e-02,9.921875e-01
2600,2025-08-20T01:40:32.945570,5.177777e-02,9.921875e-01
2650,2025-08-20T01:40:42.475012,9.994370e-02,9.765625e-01
2700,2025-08-20T01:40:51.913907,5.638452e-03,1.000000e+00
2750,2025-08-20T01:41:01.417842,5.722990e-02,9.843750e-01
2800,2025-08-20T01:41:10.908346,2.798495e-03,1.000000e+00
2850,2025-08-20T01:41:20.243987,8.405088e-03,1.000000e+00
2900,2025-08-20T01:41:29.551275,7.455494e-02,9.843750e-01
2950,2025-08-20T01:41:38.947450,8.841380e-03,1.000000e+00
3000,2025-08-20T01:41:48.519638,4.009837e-03,1.000000e+00
3050,2025-08-20T01:43:43.863515,5.585324e-02,9.843750e-01
3100,2025-08-20T01:43:53.304524,3.305298e-02,9.921875e-01
3150,2025-08-20T01:44:02.751215,5.528355e-03,1.000000e+00
3200,2025-08-20T01:44:12.120097,1.224429e-01,9.843750e-01
3250,2025-08-20T01:44:21.544380,6.023095e-03,1.000000e+00
3300,2025-08-20T01:44:31.093767,1.039128e-02,1.000000e+00
3350,2025-08-20T01:44:40.633527,2.935818e-03,1.000000e+00
3400,2025-08-20T01:44:49.925226,4.341421e-03,1.000000e+00
3450,2025-08-20T01:44:59.278341,5.159694e-02,9.921875e-01
3500,2025-08-20T01:45:08.589795,4.701806e-02,9.843750e-01
3550,2025-08-20T01:47:06.308711,4.654445e-02,9.921875e-01
3600,2025-08-20T01:47:15.822651,6.987837e-03,1.000000e+00
3650,2025-08-20T01:47:25.692228,4.014262e-03,1.000000e+00
3700,2025-08-20T01:47:35.803056,1.758220e-03,1.000000e+00
3750,2025-08-20T01:47:45.223664,1.143596e-02,1.000000e+00
3800,2025-08-20T01:47:54.806499,9.702717e-02,9.765625e-01
3850,2025-08-20T01:48:04.405339,3.066956e-02,9.921875e-01
3900,2025-08-20T01:48:13.852474,1.191759e-02,1.000000e+00
3950,2025-08-20T01:48:23.145197,1.509433e-02,1.000000e+00
4000,2025-08-20T01:48:32.512694,1.496410e-02,1.000000e+00
4050,2025-08-20T01:50:27.791930,7.573152e-03,1.000000e+00
4100,2025-08-20T01:50:37.421274,3.601898e-02,9.921875e-01
4150,2025-08-20T01:50:46.969972,3.869473e-02,9.921875e-01
4200,2025-08-20T01:50:56.202633,8.708362e-03,1.000000e+00
4250,2025-08-20T01:51:05.535561,2.407816e-02,9.921875e-01
4300,2025-08-20T01:51:14.821880,7.501337e-03,1.000000e+00
4350,2025-08-20T01:51:24.413765,1.323816e-01,9.765625e-01
4400,2025-08-20T01:51:33.934647,5.774411e-03,1.000000e+00
4450,2025-08-20T01:51:43.314118,5.548824e-02,9.765625e-01
4500,2025-08-20T01:51:52.649509,9.119892e-03,1.000000e+00
4550,2025-08-20T01:53:49.372647,4.282560e-03,1.000000e+00
4600,2025-08-20T01:53:58.812339,4.896304e-03,1.000000e+00
4650,2025-08-20T01:54:08.467345,4.428130e-02,9.921875e-01
4700,2025-08-20T01:54:18.002376,5.323622e-03,1.000000e+00
4750,2025-08-20T01:54:27.317255,5.078504e-02,9.921875e-01
4800,2025-08-20T01:54:36.633362,2.699055e-03,1.000000e+00
4850,2025-08-20T01:54:45.917384,3.234130e-02,9.921875e-01
4900,2025-08-20T01:54:55.446050,2.913881e-02,9.921875e-01
4950,2025-08-20T01:55:04.978588,1.419874e-02,1.000000e+00
5000,2025-08-20T01:55:14.396160,4.412633e-02,9.921875e-01
5050,2025-08-20T01:57:15.520010,7.694836e-03,1.000000e+00
5100,2025-08-20T01:57:26.709813,3.746436e-02,9.921875e-01
5150,2025-08-20T01:57:37.907690,3.596220e-03,1.000000e+00
5200,2025-08-20T01:57:48.881174,5.016035e-02,9.921875e-01
5250,2025-08-20T01:57:58.957081,6.723274e-02,9.843750e-01
5300,2025-08-20T01:58:09.204624,1.868919e-02,9.921875e-01
5350,2025-08-20T01:58:18.791489,5.143755e-02,9.921875e-01
5400,2025-08-20T01:58:29.366896,6.264159e-03,1.000000e+00
5450,2025-08-20T01:58:39.833323,5.597761e-03,1.000000e+00
5500,2025-08-20T01:58:49.527068,3.143277e-02,9.921875e-01
5550,2025-08-20T02:00:59.526382,3.467856e-02,9.921875e-01
5600,2025-08-20T02:01:09.585340,6.661700e-03,1.000000e+00
5650,2025-08-20T02:01:19.592912,6.985037e-03,1.000000e+00
5700,2025-08-20T02:01:29.474575,1.108387e-01,9.765625e-01
5750,2025-08-20T02:01:39.441488,7.002975e-03,1.000000e+00
5800,2025-08-20T02:01:49.295144,8.738849e-03,1.000000e+00
5850,2025-08-20T02:01:59.615168,1.051673e-02,1.000000e+00
5900,2025-08-20T02:02:10.060963,5.449752e-02,9.843750e-01
5950,2025-08-20T02:02:20.373693,8.301598e-02,9.843750e-01
6000,2025-08-20T02:02:30.754426,9.096459e-03,1.000000e+00
6050,2025-08-20T02:04:38.324840,3.789226e-02,9.921875e-01
6100,2025-08-20T02:04:48.188288,1.582056e-02,1.000000e+00
6150,2025-08-20T02:04:57.908774,6.319583e-03,1.000000e+00
6200,2025-08-20T02:05:07.341891,5.702837e-02,9.921875e-01
6250,2025-08-20T02:05:16.761962,4.782864e-02,9.921875e-01
6300,2025-08-20T02:05:26.305778,4.689917e-03,1.000000e+00
6350,2025-08-20T02:05:36.000550,1.568811e-02,9.921875e-01
6400,2025-08-20T02:05:45.461528,4.906739e-02,9.921875e-01
6450,2025-08-20T02:05:54.882680,7.608833e-03,1.000000e+00
6500,2025-08-20T02:06:04.279267,5.321784e-02,9.921875e-01
6550,2025-08-20T02:07:59.963655,3.736245e-03,1.000000e+00
6600,2025-08-20T02:08:09.495965,1.175769e-01,9.687500e-01
6650,2025-08-20T02:08:19.050939,6.723074e-02,9.843750e-01
6700,2025-08-20T02:08:28.505217,4.962147e-02,9.921875e-01
6750,2025-08-20T02:08:37.866596,2.543859e-03,1.000000e+00
6800,2025-08-20T02:08:47.197888,6.389431e-02,9.921875e-01
6850,2025-08-20T02:08:56.725626,9.674621e-03,1.000000e+00
6900,2025-08-20T02:09:06.328545,4.106436e-02,9.921875e-01
6950,2025-08-20T02:09:16.235386,4.879981e-02,9.921875e-01
7000,2025-08-20T02:09:25.768455,2.596753e-02,9.921875e-01
7050,2025-08-20T02:11:21.747040,2.218699e-02,9.921875e-01
7100,2025-08-20T02:11:31.207243,1.719316e-02,1.000000e+00
7150,2025-08-20T02:11:40.796214,4.129509e-02,9.921875e-01
7200,2025-08-20T02:11:50.409785,1.203817e-02,1.000000e+00
7250,2025-08-20T02:11:59.764325,2.121822e-03,1.000000e+00
7300,2025-08-20T02:12:09.143101,8.339472e-03,1.000000e+00
7350,2025-08-20T02:12:18.492797,4.686005e-02,9.921875e-01
7400,2025-08-20T02:12:28.085278,7.814506e-03,1.000000e+00
7450,2025-08-20T02:12:37.704979,8.192204e-03,1.000000e+00
7500,2025-08-20T02:12:47.125384,9.845472e-02,9.843750e-01
7550,2025-08-20T02:14:42.923766,4.894623e-02,9.921875e-01
7600,2025-08-20T02:14:52.251510,4.332579e-02,9.921875e-01
7650,2025-08-20T02:15:01.696341,4.872444e-02,9.921875e-01
7700,2025-08-20T02:15:11.310692,7.039857e-02,9.765625e-01
7750,2025-08-20T02:15:20.768816,6.235911e-02,9.921875e-01
7800,2025-08-20T02:15:30.113661,1.771758e-03,1.000000e+00
7850,2025-08-20T02:15:39.491011,4.093868e-02,9.921875e-01
7900,2025-08-20T02:15:48.842406,7.126118e-02,9.843750e-01
7950,2025-08-20T02:15:58.528640,3.474358e-02,9.921875e-01
8000,2025-08-20T02:16:08.079279,5.043292e-02,9.921875e-01
8050,2025-08-20T02:18:03.845670,8.942575e-03,1.000000e+00
8100,2025-08-20T02:18:13.183122,1.115435e-02,1.000000e+00
8150,2025-08-20T02:18:22.559151,4.452314e-02,9.921875e-01
8200,2025-08-20T02:18:32.114509,2.041301e-02,9.921875e-01
8250,2025-08-20T02:18:41.878959,6.043592e-03,1.000000e+00
8300,2025-08-20T02:18:51.313116,1.210371e-01,9.687500e-01
8350,2025-08-20T02:19:00.685726,1.223932e-03,1.000000e+00
8400,2025-08-20T02:19:09.998899,4.842836e-03,1.000000e+00
8450,2025-08-20T02:19:19.359617,2.365598e-03,1.000000e+00
8500,2025-08-20T02:19:28.986790,6.904641e-02,9.765625e-01
8550,2025-08-20T02:21:24.978649,4.888200e-02,9.843750e-01
8600,2025-08-20T02:21:34.316886,1.416885e-02,1.000000e+00
8650,2025-08-20T02:21:43.668950,3.747883e-03,1.000000e+00
8700,2025-08-20T02:21:52.941770,1.168520e-01,9.843750e-01
8750,2025-08-20T02:22:02.506985,3.456914e-02,9.921875e-01
8800,2025-08-20T02:22:12.066344,3.072947e-02,9.921875e-01
8850,2025-08-20T02:22:21.445625,4.435764e-03,1.000000e+00
8900,2025-08-20T02:22:30.803212,2.364828e-02,9.921875e-01
8950,2025-08-20T02:22:40.062956,3.315188e-02,9.843750e-01
9000,2025-08-20T02:22:49.472712,1.908915e-03,1.000000e+00
9050,2025-08-20T02:24:45.650642,6.457697e-02,9.843750e-01
9100,2025-08-20T02:24:55.329371,5.907034e-03,1.000000e+00
9150,2025-08-20T02:25:04.622281,3.320057e-02,9.921875e-01
9200,2025-08-20T02:25:13.960605,6.835460e-03,1.000000e+00
9250,2025-08-20T02:25:23.339296,1.008280e-01,9.765625e-01
9300,2025-08-20T02:25:32.864245,6.061065e-03,1.000000e+00
9350,2025-08-20T02:25:42.454995,5.757918e-02,9.921875e-01
9400,2025-08-20T02:25:51.902831,3.959105e-02,9.921875e-01
9450,2025-08-20T02:26:01.251472,2.621350e-03,1.000000e+00
9500,2025-08-20T02:26:10.626260,1.485833e-02,9.921875e-01
9550,2025-08-20T02:28:06.755621,2.348825e-03,1.000000e+00
9600,2025-08-20T02:28:16.302286,4.742634e-02,9.921875e-01
9650,2025-08-20T02:28:25.916613,5.466896e-02,9.843750e-01
9700,2025-08-20T02:28:35.278611,4.632952e-03,1.000000e+00
9750,2025-08-20T02:28:44.566542,6.455585e-02,9.921875e-01
9800,2025-08-20T02:28:53.954963,6.707953e-02,9.843750e-01
9850,2025-08-20T02:29:03.436706,8.608345e-03,1.000000e+00
9900,2025-08-20T02:29:12.983874,7.923198e-03,1.000000e+00
9950,2025-08-20T02:29:22.597978,1.204650e-01,9.765625e-01
10000,2025-08-20T02:29:31.930749,5.464532e-02,9.921875e-01
10050,2025-08-20T02:31:27.968529,3.770398e-02,9.921875e-01
10100,2025-08-20T02:31:37.339156,1.706790e-02,9.921875e-01
10150,2025-08-20T02:31:46.906238,9.414924e-03,1.000000e+00
10200,2025-08-20T02:31:56.609950,4.183830e-02,9.921875e-01
10250,2025-08-20T02:32:05.924602,3.956793e-02,9.921875e-01
10300,2025-08-20T02:32:15.193515,7.738914e-02,9.843750e-01
10350,2025-08-20T02:32:24.514371,9.257104e-03,1.000000e+00
10400,2025-08-20T02:32:34.028091,9.919400e-03,1.000000e+00
10450,2025-08-20T02:32:43.689247,4.411561e-02,9.921875e-01
10500,2025-08-20T02:32:53.095106,2.987299e-02,9.921875e-01
10550,2025-08-20T02:34:49.434479,7.106231e-02,9.843750e-01
10600,2025-08-20T02:34:59.080888,5.114374e-03,1.000000e+00
10650,2025-08-20T02:35:08.800008,3.866745e-02,9.921875e-01
10700,2025-08-20T02:35:18.438320,1.394062e-03,1.000000e+00
10750,2025-08-20T02:35:28.272343,3.959062e-02,9.921875e-01
10800,2025-08-20T02:35:37.919584,5.654030e-02,9.921875e-01
10850,2025-08-20T02:35:48.272353,2.109781e-02,9.921875e-01
10900,2025-08-20T02:35:58.290036,1.050214e-02,1.000000e+00
10950,2025-08-20T02:36:08.493541,5.072704e-03,1.000000e+00
11000,2025-08-20T02:36:18.782240,1.104204e-02,1.000000e+00
11050,2025-08-20T02:38:21.830495,6.613008e-02,9.921875e-01
11100,2025-08-20T02:38:31.873435,5.951568e-03,1.000000e+00
11150,2025-08-20T02:38:41.992393,1.058218e-01,9.843750e-01
11200,2025-08-20T02:38:52.281728,3.093343e-03,1.000000e+00
11250,2025-08-20T02:39:02.469584,6.401749e-03,1.000000e+00
11300,2025-08-20T02:39:12.539485,4.503267e-03,1.000000e+00
11350,2025-08-20T02:39:22.693612,7.596082e-03,1.000000e+00
11400,2025-08-20T02:39:32.684234,9.956498e-03,9.921875e-01
11450,2025-08-20T02:39:43.001401,1.601973e-02,1.000000e+00
11500,2025-08-20T02:39:53.319847,6.421739e-03,1.000000e+00
11550,2025-08-20T02:41:56.676013,3.054823e-02,9.921875e-01
11600,2025-08-20T02:42:06.537489,1.756225e-03,1.000000e+00
11650,2025-08-20T02:42:16.653329,1.629129e-02,1.000000e+00
11700,2025-08-20T02:42:26.864478,6.037937e-02,9.843750e-01
11750,2025-08-20T02:42:37.104945,4.582682e-03,1.000000e+00
11800,2025-08-20T02:42:47.070175,6.095715e-02,9.843750e-01
11850,2025-08-20T02:42:56.998809,7.049083e-03,1.000000e+00
11900,2025-08-20T02:43:07.061455,1.151616e-02,1.000000e+00
11950,2025-08-20T02:43:17.346838,1.014709e-02,1.000000e+00
12000,2025-08-20T02:43:27.611768,7.505852e-02,9.843750e-01
12050,2025-08-20T02:45:30.938055,6.393894e-02,9.765625e-01
12100,2025-08-20T02:45:40.941262,7.531887e-03,1.000000e+00
12150,2025-08-20T02:45:51.024799,7.760308e-03,1.000000e+00
12200,2025-08-20T02:46:01.278703,4.986949e-03,1.000000e+00
12250,2025-08-20T02:46:11.557395,8.755806e-02,9.843750e-01
12300,2025-08-20T02:46:21.491709,5.322569e-03,1.000000e+00
12350,2025-08-20T02:46:31.515844,1.090782e-02,9.921875e-01
12400,2025-08-20T02:46:41.588406,7.283718e-03,1.000000e+00
12450,2025-08-20T02:46:51.903171,2.454454e-03,1.000000e+00
12500,2025-08-20T02:47:02.208450,1.513612e-02,9.921875e-01
12550,2025-08-20T02:49:07.931612,1.377137e-02,9.921875e-01
12600,2025-08-20T02:49:18.014836,1.397855e-02,9.921875e-01
12650,2025-08-20T02:49:28.426557,8.756299e-02,9.843750e-01
12700,2025-08-20T02:49:38.672497,4.855493e-03,1.000000e+00
12750,2025-08-20T02:49:48.916898,6.212673e-02,9.843750e-01
12800,2025-08-20T02:49:58.904311,4.168669e-02,9.921875e-01
12850,2025-08-20T02:50:08.888208,4.184408e-03,1.000000e+00
12900,2025-08-20T02:50:19.028539,2.252806e-02,9.921875e-01
12950,2025-08-20T02:50:29.461846,3.533980e-02,9.843750e-01
13000,2025-08-20T02:50:39.799481,5.627197e-03,1.000000e+00
13050,2025-08-20T02:52:43.530350,1.944019e-02,9.921875e-01
13100,2025-08-20T02:52:53.528369,8.710752e-02,9.843750e-01
13150,2025-08-20T02:53:03.658174,5.954332e-02,9.921875e-01
13200,2025-08-20T02:53:13.843843,4.142267e-02,9.921875e-01
13250,2025-08-20T02:53:23.961523,3.011645e-02,9.921875e-01
13300,2025-08-20T02:53:33.940456,3.530551e-02,9.921875e-01
13350,2025-08-20T02:53:43.884041,5.015082e-02,9.921875e-01
13400,2025-08-20T02:53:53.992775,4.516765e-02,9.921875e-01
13450,2025-08-20T02:54:04.806452,5.477861e-02,9.921875e-01
13500,2025-08-20T02:54:15.453902,6.249475e-03,1.000000e+00
13550,2025-08-20T02:56:19.917142,8.242589e-03,1.000000e+00
13600,2025-08-20T02:56:29.961750,2.711523e-03,1.000000e+00
13650,2025-08-20T02:56:40.238132,7.919357e-02,9.843750e-01
13700,2025-08-20T02:56:50.727935,3.118264e-02,9.921875e-01
13750,2025-08-20T02:57:00.797694,4.829042e-02,9.921875e-01
13800,2025-08-20T02:57:10.763399,4.100713e-02,9.921875e-01
13850,2025-08-20T02:57:20.843056,4.141077e-03,1.000000e+00
13900,2025-08-20T02:57:31.227633,3.553335e-02,9.921875e-01
13950,2025-08-20T02:57:41.582972,3.699745e-02,9.921875e-01
14000,2025-08-20T02:57:51.918014,2.316984e-02,9.921875e-01
14050,2025-08-20T02:59:46.130985,8.775281e-02,9.843750e-01
14100,2025-08-20T02:59:55.344818,6.327134e-02,9.921875e-01
14150,2025-08-20T03:00:04.528767,1.287225e-02,9.921875e-01
14200,2025-08-20T03:00:13.978300,4.729966e-02,9.921875e-01
14250,2025-08-20T03:00:23.444157,5.303174e-02,9.921875e-01
14300,2025-08-20T03:00:32.789592,1.615853e-02,9.921875e-01
14350,2025-08-20T03:00:41.986477,5.410173e-02,9.921875e-01
14400,2025-08-20T03:00:51.204457,5.595488e-03,1.000000e+00
14450,2025-08-20T03:01:00.483032,5.640639e-03,1.000000e+00
14500,2025-08-20T03:01:09.953617,8.069382e-02,9.843750e-01
14550,2025-08-20T03:03:10.397508,4.539525e-02,9.921875e-01
14600,2025-08-20T03:03:19.586837,3.514157e-02,9.921875e-01
14650,2025-08-20T03:03:28.741719,4.484959e-03,1.000000e+00
14700,2025-08-20T03:03:37.945942,6.336408e-03,1.000000e+00
14750,2025-08-20T03:03:47.346745,4.292737e-02,9.921875e-01
14800,2025-08-20T03:03:56.812068,5.222945e-02,9.921875e-01
14850,2025-08-20T03:04:05.977219,1.920772e-02,9.921875e-01
14900,2025-08-20T03:04:15.221625,1.805069e-02,9.921875e-01
14950,2025-08-20T03:04:24.665994,4.218766e-02,9.921875e-01
15000,2025-08-20T03:04:34.034788,7.118477e-03,1.000000e+00
15050,2025-08-20T03:06:28.322931,6.077032e-02,9.921875e-01
15100,2025-08-20T03:06:37.847742,4.641769e-03,1.000000e+00
15150,2025-08-20T03:06:47.144213,8.466525e-03,1.000000e+00
15200,2025-08-20T03:06:56.371756,4.292304e-03,1.000000e+00
15250,2025-08-20T03:07:05.506474,5.555087e-02,9.921875e-01
15300,2025-08-20T03:07:14.855591,5.119080e-02,9.843750e-01
15350,2025-08-20T03:07:24.319660,7.512844e-03,1.000000e+00
15400,2025-08-20T03:07:33.670290,5.533339e-03,1.000000e+00
15450,2025-08-20T03:07:42.972930,5.659576e-03,1.000000e+00
15500,2025-08-20T03:07:52.386874,3.732579e-03,1.000000e+00
15550,2025-08-20T03:09:46.565806,3.281335e-03,1.000000e+00
15600,2025-08-20T03:09:55.829302,6.801500e-03,1.000000e+00
15650,2025-08-20T03:10:05.710288,4.124134e-02,9.921875e-01
15700,2025-08-20T03:10:15.026950,5.055805e-02,9.921875e-01
15750,2025-08-20T03:10:24.225295,6.246977e-02,9.765625e-01
15800,2025-08-20T03:10:33.455329,1.878033e-02,9.921875e-01
15850,2025-08-20T03:10:42.680672,4.825774e-02,9.921875e-01
15900,2025-08-20T03:10:52.122880,1.001368e-01,9.765625e-01
15950,2025-08-20T03:11:01.540785,9.391133e-02,9.765625e-01
16000,2025-08-20T03:11:10.770914,3.438415e-03,1.000000e+00
16050,2025-08-20T03:13:05.129507,5.275002e-03,1.000000e+00
16100,2025-08-20T03:13:14.328945,6.931300e-03,1.000000e+00
16150,2025-08-20T03:13:23.464523,3.863499e-02,9.921875e-01
16200,2025-08-20T03:13:32.875686,2.633840e-03,1.000000e+00
16250,2025-08-20T03:13:42.326543,6.818945e-03,1.000000e+00
16300,2025-08-20T03:13:51.677774,1.764045e-02,9.921875e-01
16350,2025-08-20T03:14:00.788006,6.995744e-02,9.843750e-01
16400,2025-08-20T03:14:09.979582,9.247535e-02,9.765625e-01
16450,2025-08-20T03:14:19.254128,3.140567e-02,9.921875e-01
16500,2025-08-20T03:14:28.763071,7.011726e-02,9.843750e-01
16550,2025-08-20T03:16:23.232310,1.215853e-02,1.000000e+00
16600,2025-08-20T03:16:32.521940,5.087835e-02,9.921875e-01
16650,2025-08-20T03:16:41.763218,2.020143e-02,9.921875e-01
16700,2025-08-20T03:16:50.958736,9.117831e-03,1.000000e+00
16750,2025-08-20T03:17:00.313346,5.860377e-03,1.000000e+00
16800,2025-08-20T03:17:09.736349,2.025555e-03,1.000000e+00
16850,2025-08-20T03:17:19.252450,3.869534e-03,1.000000e+00
16900,2025-08-20T03:17:28.574012,3.970100e-02,9.921875e-01
16950,2025-08-20T03:17:37.741741,5.979177e-02,9.921875e-01
17000,2025-08-20T03:17:47.002846,2.660141e-03,1.000000e+00
17050,2025-08-20T03:19:41.907065,2.848445e-02,9.921875e-01
17100,2025-08-20T03:19:51.356779,6.910703e-03,1.000000e+00
17150,2025-08-20T03:20:00.749833,1.300995e-02,9.921875e-01
17200,2025-08-20T03:20:10.044134,5.054002e-03,1.000000e+00
17250,2025-08-20T03:20:19.202746,3.497454e-03,1.000000e+00
17300,2025-08-20T03:20:28.406726,3.219042e-03,1.000000e+00
17350,2025-08-20T03:20:37.733901,5.842960e-03,1.000000e+00
17400,2025-08-20T03:20:47.277097,4.065687e-03,1.000000e+00
17450,2025-08-20T03:20:56.637784,5.632350e-02,9.921875e-01
17500,2025-08-20T03:21:05.829455,3.658436e-03,1.000000e+00
17550,2025-08-20T03:23:00.305038,3.370471e-03,1.000000e+00
17600,2025-08-20T03:23:09.450667,9.592352e-03,1.000000e+00
17650,2025-08-20T03:23:18.681074,8.668398e-03,1.000000e+00
17700,2025-08-20T03:23:28.097251,6.668615e-02,9.843750e-01
17750,2025-08-20T03:23:37.642318,3.429358e-03,1.000000e+00
17800,2025-08-20T03:23:46.720548,4.410491e-02,9.921875e-01
17850,2025-08-20T03:23:55.957344,2.865707e-02,9.921875e-01
17900,2025-08-20T03:24:05.383187,6.821516e-03,1.000000e+00
17950,2025-08-20T03:24:14.689902,5.764138e-03,1.000000e+00
18000,2025-08-20T03:24:24.141997,1.039225e-02,9.921875e-01
18050,2025-08-20T03:26:18.610137,6.362150e-03,1.000000e+00
18100,2025-08-20T03:26:27.874666,1.253438e-02,9.921875e-01
18150,2025-08-20T03:26:37.019820,4.006374e-02,9.843750e-01
18200,2025-08-20T03:26:46.183926,4.405282e-03,1.000000e+00
18250,2025-08-20T03:26:55.507409,3.601479e-02,9.921875e-01
18300,2025-08-20T03:27:04.887533,6.926809e-03,1.000000e+00
18350,2025-08-20T03:27:14.280981,6.396685e-03,1.000000e+00
18400,2025-08-20T03:27:23.590344,1.839492e-02,9.921875e-01
18450,2025-08-20T03:27:32.816087,2.811123e-02,9.921875e-01
18500,2025-08-20T03:27:42.040389,6.227771e-03,1.000000e+00
18550,2025-08-20T03:29:36.489259,3.890924e-02,9.921875e-01
18600,2025-08-20T03:29:45.940458,8.070530e-03,1.000000e+00
18650,2025-08-20T03:29:55.494454,4.220070e-03,1.000000e+00
18700,2025-08-20T03:30:04.888698,1.915770e-02,9.921875e-01
18750,2025-08-20T03:30:14.063446,4.036941e-03,1.000000e+00
18800,2025-08-20T03:30:23.297287,6.071193e-03,1.000000e+00
18850,2025-08-20T03:30:32.688465,1.058075e-01,9.843750e-01
18900,2025-08-20T03:30:42.152171,5.550191e-03,1.000000e+00
18950,2025-08-20T03:30:51.510829,2.628416e-02,9.921875e-01
19000,2025-08-20T03:31:00.672496,1.120185e-01,9.765625e-01
19050,2025-08-20T03:32:55.319004,5.601021e-02,9.921875e-01
19100,2025-08-20T03:33:04.490600,5.658847e-02,9.843750e-01
19150,2025-08-20T03:33:13.811977,5.482656e-02,9.843750e-01
19200,2025-08-20T03:33:23.282801,4.177090e-02,9.843750e-01
19250,2025-08-20T03:33:32.690701,3.756925e-02,9.921875e-01
19300,2025-08-20T03:33:41.852067,7.645064e-03,1.000000e+00
19350,2025-08-20T03:33:51.022409,1.172131e-02,9.921875e-01
19400,2025-08-20T03:34:00.206680,8.734833e-03,9.921875e-01
19450,2025-08-20T03:34:09.614314,6.368520e-03,1.000000e+00
19500,2025-08-20T03:34:19.045454,3.523418e-02,9.921875e-01
19550,2025-08-20T03:36:13.702440,3.278197e-03,1.000000e+00
19600,2025-08-20T03:36:23.056916,3.747351e-02,9.843750e-01
19650,2025-08-20T03:36:32.197576,9.705408e-03,1.000000e+00
19700,2025-08-20T03:36:41.368290,4.669627e-03,1.000000e+00
19750,2025-08-20T03:36:50.717232,9.635226e-03,1.000000e+00
19800,2025-08-20T03:37:00.146858,3.270925e-03,1.000000e+00
19850,2025-08-20T03:37:09.517903,4.208670e-03,1.000000e+00
19900,2025-08-20T03:37:18.868920,1.152888e-01,9.843750e-01
19950,2025-08-20T03:37:28.075263,4.563118e-02,9.843750e-01
20000,2025-08-20T03:37:37.297078,4.548740e-03,1.000000e+00
20050,2025-08-20T03:39:32.296847,6.097985e-03,1.000000e+00
20100,2025-08-20T03:39:41.745850,3.992131e-03,1.000000e+00
20150,2025-08-20T03:39:51.305408,5.563463e-03,1.000000e+00
20200,2025-08-20T03:40:00.481116,9.853001e-03,1.000000e+00
20250,2025-08-20T03:40:09.706967,5.329577e-03,1.000000e+00
20300,2025-08-20T03:40:18.988348,9.707024e-03,1.000000e+00
20350,2025-08-20T03:40:28.469283,4.046244e-02,9.921875e-01
20400,2025-08-20T03:40:38.085035,4.101589e-03,1.000000e+00
20450,2025-08-20T03:40:47.447251,2.916484e-02,9.921875e-01
20500,2025-08-20T03:40:56.816662,4.998858e-02,9.921875e-01
20550,2025-08-20T03:42:51.827322,9.404909e-02,9.843750e-01
20600,2025-08-20T03:43:01.011118,6.909148e-02,9.843750e-01
20650,2025-08-20T03:43:10.352002,1.037892e-01,9.843750e-01
20700,2025-08-20T03:43:19.762886,3.522496e-02,9.921875e-01
20750,2025-08-20T03:43:29.129914,6.211225e-02,9.843750e-01
20800,2025-08-20T03:43:38.334239,6.055499e-02,9.843750e-01
20850,2025-08-20T03:43:47.551860,3.693502e-03,1.000000e+00
20900,2025-08-20T03:43:56.748692,1.275552e-01,9.765625e-01
20950,2025-08-20T03:44:06.249030,3.952614e-03,1.000000e+00
21000,2025-08-20T03:44:15.792387,3.885197e-02,9.921875e-01
21050,2025-08-20T03:46:10.276490,3.791092e-02,9.921875e-01
21100,2025-08-20T03:46:19.455713,1.910281e-03,1.000000e+00
21150,2025-08-20T03:46:28.655003,4.567181e-02,9.921875e-01
21200,2025-08-20T03:46:37.871733,4.425697e-03,1.000000e+00
21250,2025-08-20T03:46:47.246794,3.427392e-02,9.921875e-01
21300,2025-08-20T03:46:56.689021,6.028157e-02,9.921875e-01
21350,2025-08-20T03:47:06.041886,3.175785e-02,9.921875e-01
21400,2025-08-20T03:47:15.198788,5.196843e-02,9.843750e-01
21450,2025-08-20T03:47:24.633574,4.031518e-02,9.921875e-01
21500,2025-08-20T03:47:34.289271,7.899610e-02,9.843750e-01
21550,2025-08-20T03:49:29.698882,3.887665e-02,9.921875e-01
21600,2025-08-20T03:49:39.120398,9.472888e-02,9.843750e-01
21650,2025-08-20T03:49:48.565724,6.281783e-02,9.843750e-01
21700,2025-08-20T03:49:57.772423,4.831933e-02,9.921875e-01
21750,2025-08-20T03:50:06.952194,4.623962e-03,1.000000e+00
21800,2025-08-20T03:50:16.052435,2.157243e-03,1.000000e+00
21850,2025-08-20T03:50:25.540170,3.142121e-03,1.000000e+00
21900,2025-08-20T03:50:35.013308,1.107996e-02,9.921875e-01
21950,2025-08-20T03:50:44.327486,1.260956e-01,9.843750e-01
22000,2025-08-20T03:50:53.638409,3.019904e-02,9.921875e-01
22050,2025-08-20T03:52:48.409320,7.102405e-02,9.843750e-01
22100,2025-08-20T03:52:57.687771,4.602383e-02,9.921875e-01
22150,2025-08-20T03:53:07.071791,6.619144e-02,9.843750e-01
22200,2025-08-20T03:53:16.523322,1.630572e-02,1.000000e+00
22250,2025-08-20T03:53:25.866031,1.369258e-01,9.765625e-01
22300,2025-08-20T03:53:35.068968,6.676926e-02,9.843750e-01
22350,2025-08-20T03:53:44.266388,4.074681e-02,9.843750e-01
22400,2025-08-20T03:53:53.437161,4.643246e-02,9.921875e-01
22450,2025-08-20T03:54:02.840645,2.970173e-03,1.000000e+00
22500,2025-08-20T03:54:12.248532,3.617233e-02,9.921875e-01
22550,2025-08-20T03:56:07.534219,4.032873e-03,1.000000e+00
22600,2025-08-20T03:56:16.801485,2.730979e-03,1.000000e+00
22650,2025-08-20T03:56:26.036058,1.162910e-02,9.921875e-01
22700,2025-08-20T03:56:35.240185,4.935543e-02,9.921875e-01
22750,2025-08-20T03:56:44.554675,3.205453e-03,1.000000e+00
22800,2025-08-20T03:56:54.029675,5.898214e-02,9.921875e-01
22850,2025-08-20T03:57:03.404205,1.755959e-02,9.921875e-01
22900,2025-08-20T03:57:12.597516,4.566887e-02,9.921875e-01
22950,2025-08-20T03:57:21.834842,7.508371e-03,1.000000e+00
23000,2025-08-20T03:57:31.053289,4.792735e-02,9.921875e-01
23050,2025-08-20T03:59:25.836852,2.054295e-03,1.000000e+00
23100,2025-08-20T03:59:35.886589,2.893181e-03,1.000000e+00
23150,2025-08-20T03:59:45.463036,5.405991e-02,9.843750e-01
23200,2025-08-20T03:59:54.688867,3.995798e-02,9.921875e-01
23250,2025-08-20T04:00:03.873516,2.268198e-02,9.843750e-01
23300,2025-08-20T04:00:13.068684,3.990756e-02,9.921875e-01
23350,2025-08-20T04:00:22.371199,6.673548e-02,9.843750e-01
23400,2025-08-20T04:00:31.890390,6.178510e-03,1.000000e+00
23450,2025-08-20T04:00:41.285767,1.412640e-02,9.921875e-01
23500,2025-08-20T04:00:50.622378,2.390863e-03,1.000000e+00
23550,2025-08-20T04:02:46.048003,1.709925e-02,9.921875e-01
23600,2025-08-20T04:02:55.339283,7.077678e-03,1.000000e+00
23650,2025-08-20T04:03:04.626357,3.885733e-02,9.921875e-01
23700,2025-08-20T04:03:14.081732,3.169483e-02,9.921875e-01
23750,2025-08-20T04:03:23.631253,5.020559e-03,1.000000e+00
23800,2025-08-20T04:03:33.060076,5.399534e-02,9.921875e-01
23850,2025-08-20T04:03:42.414286,1.220637e-02,1.000000e+00
23900,2025-08-20T04:03:51.697834,1.196329e-02,9.921875e-01
23950,2025-08-20T04:04:01.154272,4.413374e-03,1.000000e+00
24000,2025-08-20T04:04:10.540493,4.359635e-02,9.921875e-01
24050,2025-08-20T04:06:06.639587,4.345932e-03,1.000000e+00
24100,2025-08-20T04:06:15.948830,7.703883e-03,1.000000e+00
24150,2025-08-20T04:06:25.912433,1.151244e-02,1.000000e+00
24200,2025-08-20T04:06:35.584339,6.322732e-03,1.000000e+00
24250,2025-08-20T04:06:45.340934,5.205315e-03,1.000000e+00
24300,2025-08-20T04:06:55.296291,4.113616e-02,9.921875e-01
24350,2025-08-20T04:07:05.064168,4.330799e-03,1.000000e+00
24400,2025-08-20T04:07:14.623939,7.645400e-02,9.843750e-01
24450,2025-08-20T04:07:24.076318,4.773851e-02,9.921875e-01
24500,2025-08-20T04:07:33.605583,5.772507e-02,9.843750e-01
24550,2025-08-20T04:09:30.970886,1.071448e-02,1.000000e+00
24600,2025-08-20T04:09:40.619409,3.510755e-02,9.921875e-01
24650,2025-08-20T04:09:50.243975,1.190886e-01,9.765625e-01
24700,2025-08-20T04:09:59.655776,4.881959e-03,1.000000e+00
24750,2025-08-20T04:10:09.073842,2.453228e-03,1.000000e+00
24800,2025-08-20T04:10:18.642048,4.376861e-02,9.921875e-01
24850,2025-08-20T04:10:28.344117,4.756059e-02,9.921875e-01
24900,2025-08-20T04:10:38.059510,4.859975e-02,9.921875e-01
24950,2025-08-20T04:10:47.546796,2.545306e-02,9.921875e-01
25000,2025-08-20T04:10:57.008090,4.348177e-02,9.921875e-01
25050,2025-08-20T04:12:53.993255,6.079439e-02,9.843750e-01
25100,2025-08-20T04:13:03.475180,5.030619e-02,9.921875e-01
25150,2025-08-20T04:13:13.152830,8.049472e-03,1.000000e+00
25200,2025-08-20T04:13:22.835023,8.196529e-03,9.921875e-01
25250,2025-08-20T04:13:32.318430,7.019891e-03,1.000000e+00
25300,2025-08-20T04:13:41.747011,3.988662e-02,9.921875e-01
25350,2025-08-20T04:13:51.241776,4.735168e-02,9.843750e-01
25400,2025-08-20T04:14:00.832747,6.822438e-03,1.000000e+00
25450,2025-08-20T04:14:10.492063,5.035666e-02,9.921875e-01
25500,2025-08-20T04:14:20.073915,2.998399e-03,1.000000e+00
25550,2025-08-20T04:16:19.989179,4.493383e-02,9.921875e-01
25600,2025-08-20T04:16:29.392682,8.671721e-03,1.000000e+00
25650,2025-08-20T04:16:38.764589,4.392016e-03,1.000000e+00
25700,2025-08-20T04:16:48.329451,3.686251e-03,1.000000e+00
25750,2025-08-20T04:16:57.975401,8.153321e-02,9.843750e-01
25800,2025-08-20T04:17:07.538151,9.336039e-03,1.000000e+00
25850,2025-08-20T04:17:16.923678,2.143178e-02,9.921875e-01
25900,2025-08-20T04:17:26.443980,1.372870e-02,9.921875e-01
25950,2025-08-20T04:17:35.976846,2.176959e-02,9.921875e-01
26000,2025-08-20T04:17:45.667479,5.237597e-03,1.000000e+00
26050,2025-08-20T04:19:42.684002,1.294462e-02,9.921875e-01
26100,2025-08-20T04:19:52.211014,3.629409e-02,9.921875e-01
26150,2025-08-20T04:20:01.661360,3.765297e-03,1.000000e+00
26200,2025-08-20T04:20:11.214036,1.062571e-02,9.921875e-01
26250,2025-08-20T04:20:20.682690,1.156265e-01,9.765625e-01
26300,2025-08-20T04:20:30.367945,7.774389e-03,1.000000e+00
26350,2025-08-20T04:20:40.079660,4.325406e-02,9.921875e-01
26400,2025-08-20T04:20:49.599306,5.838087e-03,1.000000e+00
26450,2025-08-20T04:20:59.010051,1.181074e-02,9.921875e-01
26500,2025-08-20T04:21:08.377966,5.665423e-02,9.843750e-01
26550,2025-08-20T04:23:05.131471,1.128605e-02,1.000000e+00
26600,2025-08-20T04:23:14.808942,9.879656e-03,1.000000e+00
26650,2025-08-20T04:23:24.529144,5.570091e-02,9.921875e-01
26700,2025-08-20T04:23:34.087960,3.190631e-03,1.000000e+00
26750,2025-08-20T04:23:43.457189,5.880925e-03,1.000000e+00
26800,2025-08-20T04:23:52.820836,3.324402e-03,1.000000e+00
26850,2025-08-20T04:24:02.361840,6.010341e-03,1.000000e+00
26900,2025-08-20T04:24:12.000712,2.446149e-03,1.000000e+00
26950,2025-08-20T04:24:21.654999,3.067814e-03,1.000000e+00
27000,2025-08-20T04:24:30.995512,5.800352e-03,1.000000e+00
27050,2025-08-20T04:26:27.538371,1.935207e-03,1.000000e+00
27100,2025-08-20T04:26:36.952762,4.353232e-02,9.921875e-01
27150,2025-08-20T04:26:46.380949,2.329481e-03,1.000000e+00
27200,2025-08-20T04:26:56.044221,5.804519e-03,1.000000e+00
27250,2025-08-20T04:27:05.677371,5.088434e-03,1.000000e+00
27300,2025-08-20T04:27:15.174429,6.423700e-03,1.000000e+00
27350,2025-08-20T04:27:24.580592,4.287875e-02,9.921875e-01
27400,2025-08-20T04:27:33.964970,3.598794e-02,9.921875e-01
27450,2025-08-20T04:27:43.722984,5.005289e-03,1.000000e+00
27500,2025-08-20T04:27:53.605332,7.758848e-03,1.000000e+00
27550,2025-08-20T04:29:51.156699,1.698769e-02,9.921875e-01
27600,2025-08-20T04:30:00.673620,5.663406e-02,9.921875e-01
27650,2025-08-20T04:30:10.191022,2.389710e-03,1.000000e+00
27700,2025-08-20T04:30:19.564558,2.903513e-02,9.921875e-01
27750,2025-08-20T04:30:29.301774,5.962224e-03,1.000000e+00
27800,2025-08-20T04:30:38.989619,5.515534e-02,9.921875e-01
27850,2025-08-20T04:30:48.580219,5.018426e-03,1.000000e+00
27900,2025-08-20T04:30:57.995425,3.632606e-02,9.921875e-01
27950,2025-08-20T04:31:07.421679,6.050593e-03,1.000000e+00
28000,2025-08-20T04:31:16.852333,4.104755e-02,9.921875e-01
28050,2025-08-20T04:33:14.009708,9.413466e-02,9.843750e-01
28100,2025-08-20T04:33:23.698676,1.927862e-02,9.921875e-01
28150,2025-08-20T04:33:33.493562,7.939331e-03,1.000000e+00
28200,2025-08-20T04:33:43.111329,3.994051e-02,9.921875e-01
28250,2025-08-20T04:33:52.577456,3.155411e-02,9.843750e-01
28300,2025-08-20T04:34:02.131490,5.376488e-02,9.921875e-01
28350,2025-08-20T04:34:11.884758,1.062238e-02,9.921875e-01
28400,2025-08-20T04:34:21.680519,9.902208e-03,1.000000e+00
28450,2025-08-20T04:34:31.323762,4.473194e-02,9.921875e-01
28500,2025-08-20T04:34:40.746210,3.628330e-02,9.921875e-01
28550,2025-08-20T04:36:38.020581,1.512866e-02,9.921875e-01
28600,2025-08-20T04:36:47.464554,6.411244e-02,9.921875e-01
28650,2025-08-20T04:36:57.019908,4.594412e-02,9.921875e-01
28700,2025-08-20T04:37:06.707904,7.871807e-03,1.000000e+00
28750,2025-08-20T04:37:16.284530,6.210102e-03,1.000000e+00
28800,2025-08-20T04:37:25.683893,2.045945e-03,1.000000e+00
28850,2025-08-20T04:37:35.099137,1.021192e-02,1.000000e+00
28900,2025-08-20T04:37:44.507235,1.196395e-02,1.000000e+00
28950,2025-08-20T04:37:54.190690,5.101862e-03,1.000000e+00
29000,2025-08-20T04:38:03.892593,8.099475e-02,9.843750e-01
29050,2025-08-20T04:40:07.917467,4.809473e-03,1.000000e+00
29100,2025-08-20T04:40:19.763381,3.563217e-03,1.000000e+00
29150,2025-08-20T04:40:30.701908,1.299121e-03,1.000000e+00
29200,2025-08-20T04:40:40.387974,7.674886e-02,9.843750e-01
29250,2025-08-20T04:40:50.635993,2.360866e-03,1.000000e+00
29300,2025-08-20T04:41:01.735993,4.203789e-02,9.921875e-01
29350,2025-08-20T04:41:12.072179,8.659181e-03,1.000000e+00
29400,2025-08-20T04:41:22.877736,4.000022e-02,9.921875e-01
29450,2025-08-20T04:41:33.924946,8.123577e-03,1.000000e+00
29500,2025-08-20T04:41:44.566764,6.022255e-03,1.000000e+00
29550,2025-08-20T04:43:54.083166,2.645756e-02,9.921875e-01
29600,2025-08-20T04:44:04.869113,2.859762e-02,9.921875e-01
29650,2025-08-20T04:44:15.718061,8.828431e-02,9.843750e-01
29700,2025-08-20T04:44:26.626275,2.081541e-02,9.921875e-01
29750,2025-08-20T04:44:37.719952,4.162613e-03,1.000000e+00
29800,2025-08-20T04:44:48.469485,1.474478e-02,9.921875e-01
29850,2025-08-20T04:44:58.900636,5.692929e-03,1.000000e+00
29900,2025-08-20T04:45:09.359635,4.720417e-02,9.843750e-01
29950,2025-08-20T04:45:19.897924,5.949939e-02,9.843750e-01
30000,2025-08-20T04:45:30.898969,5.419838e-03,1.000000e+00
30050,2025-08-20T04:47:45.117079,2.308006e-03,1.000000e+00
30100,2025-08-20T04:47:55.428424,2.069303e-03,1.000000e+00
30150,2025-08-20T04:48:05.715047,3.876583e-03,1.000000e+00
30200,2025-08-20T04:48:17.117730,8.618102e-03,1.000000e+00
30250,2025-08-20T04:48:27.140276,6.315325e-03,1.000000e+00
30300,2025-08-20T04:48:37.057683,4.569745e-03,1.000000e+00
30350,2025-08-20T04:48:47.435110,3.319896e-02,9.921875e-01
30400,2025-08-20T04:48:59.664407,3.821428e-02,9.921875e-01
30450,2025-08-20T04:49:10.864578,1.406199e-02,1.000000e+00
30500,2025-08-20T04:49:22.360200,6.649782e-03,1.000000e+00
30550,2025-08-20T04:51:27.715391,5.221522e-02,9.921875e-01
30600,2025-08-20T04:51:39.028650,1.520827e-02,9.921875e-01
30650,2025-08-20T04:51:48.913539,3.512668e-03,1.000000e+00
30700,2025-08-20T04:51:59.338355,8.139335e-03,1.000000e+00
30750,2025-08-20T04:52:09.409017,2.047129e-01,9.687500e-01
30800,2025-08-20T04:52:19.155628,1.003101e-02,1.000000e+00
30850,2025-08-20T04:52:28.829552,5.446512e-02,9.921875e-01
30900,2025-08-20T04:52:38.435157,4.654626e-02,9.921875e-01
30950,2025-08-20T04:52:48.781321,4.162138e-03,1.000000e+00
31000,2025-08-20T04:52:58.980961,2.417977e-02,9.921875e-01
31050,2025-08-20T04:55:09.906309,4.968458e-03,1.000000e+00
31100,2025-08-20T04:55:21.288251,5.709207e-02,9.921875e-01
31150,2025-08-20T04:55:32.362275,8.511402e-03,1.000000e+00
31200,2025-08-20T04:55:42.872725,5.782035e-03,1.000000e+00
31250,2025-08-20T04:55:54.019838,3.286555e-02,9.921875e-01
31300,2025-08-20T04:56:04.520624,5.978795e-02,9.921875e-01
31350,2025-08-20T04:56:14.836110,2.857169e-03,1.000000e+00
31400,2025-08-20T04:56:25.087221,2.890102e-03,1.000000e+00
31450,2025-08-20T04:56:36.750350,4.555408e-02,9.843750e-01
31500,2025-08-20T04:56:48.235423,3.300868e-02,9.921875e-01
31550,2025-08-20T04:58:47.812672,9.644961e-02,9.765625e-01
31600,2025-08-20T04:58:58.139959,3.571960e-03,1.000000e+00
31650,2025-08-20T04:59:08.340057,3.679662e-02,9.921875e-01
31700,2025-08-20T04:59:18.743622,5.388551e-02,9.921875e-01
31750,2025-08-20T04:59:30.060535,1.199521e-02,9.921875e-01
31800,2025-08-20T04:59:41.312415,5.295063e-03,1.000000e+00
31850,2025-08-20T04:59:51.855168,4.655831e-03,1.000000e+00
31900,2025-08-20T05:00:02.232002,8.310466e-03,1.000000e+00
31950,2025-08-20T05:00:12.587021,5.929536e-02,9.843750e-01
32000,2025-08-20T05:00:23.193779,3.896987e-02,9.921875e-01
32050,2025-08-20T05:02:26.785861,6.631967e-03,1.000000e+00
32100,2025-08-20T05:02:36.287282,4.979147e-02,9.921875e-01
32150,2025-08-20T05:02:46.277971,2.215628e-02,9.921875e-01
32200,2025-08-20T05:02:55.792033,3.149313e-02,9.921875e-01
32250,2025-08-20T05:03:05.541845,4.060363e-02,9.921875e-01
32300,2025-08-20T05:03:15.243676,2.721721e-03,1.000000e+00
32350,2025-08-20T05:03:25.733318,4.451677e-03,1.000000e+00
32400,2025-08-20T05:03:35.425151,1.229818e-02,1.000000e+00
32450,2025-08-20T05:03:46.024125,6.099644e-03,1.000000e+00
32500,2025-08-20T05:03:57.161787,1.374962e-02,1.000000e+00
32550,2025-08-20T05:06:17.385596,4.866237e-02,9.921875e-01
32600,2025-08-20T05:06:28.665350,1.782833e-01,9.687500e-01
32650,2025-08-20T05:06:39.706200,3.713658e-03,1.000000e+00
32700,2025-08-20T05:06:51.517939,5.246758e-03,1.000000e+00
32750,2025-08-20T05:07:03.513402,4.290430e-03,1.000000e+00
32800,2025-08-20T05:07:14.657502,5.485939e-02,9.843750e-01
32850,2025-08-20T05:07:25.571171,2.778232e-02,9.921875e-01
32900,2025-08-20T05:07:36.830540,9.420154e-03,1.000000e+00
32950,2025-08-20T05:07:48.599464,4.228827e-02,9.921875e-01
33000,2025-08-20T05:07:59.640679,3.588817e-03,1.000000e+00
33050,2025-08-20T05:10:14.955899,4.128692e-02,9.921875e-01
33100,2025-08-20T05:10:25.521961,4.759200e-02,9.921875e-01
33150,2025-08-20T05:10:36.348222,7.161981e-03,1.000000e+00
33200,2025-08-20T05:10:47.301962,4.887007e-03,1.000000e+00
33250,2025-08-20T05:10:58.337907,9.881246e-03,1.000000e+00
33300,2025-08-20T05:11:08.923877,2.554476e-03,1.000000e+00
33350,2025-08-20T05:11:19.787322,4.393978e-03,1.000000e+00
33400,2025-08-20T05:11:30.750127,3.693420e-03,1.000000e+00
33450,2025-08-20T05:11:42.343687,7.282487e-02,9.843750e-01
33500,2025-08-20T05:11:53.703546,4.233288e-03,1.000000e+00
33550,2025-08-20T05:14:06.238459,3.418721e-02,9.921875e-01
33600,2025-08-20T05:14:15.890310,4.113294e-03,1.000000e+00
33650,2025-08-20T05:14:25.872898,2.764249e-03,1.000000e+00
33700,2025-08-20T05:14:35.955340,1.385419e-02,9.921875e-01
33750,2025-08-20T05:14:45.845974,8.164685e-03,1.000000e+00
33800,2025-08-20T05:14:55.695627,3.491551e-02,9.921875e-01
33850,2025-08-20T05:15:05.299389,3.001320e-03,1.000000e+00
33900,2025-08-20T05:15:15.003282,2.411971e-03,1.000000e+00
33950,2025-08-20T05:15:24.932249,6.118999e-02,9.921875e-01
34000,2025-08-20T05:15:35.017633,1.040038e-01,9.765625e-01
34050,2025-08-20T05:17:36.193028,5.824102e-02,9.843750e-01
34100,2025-08-20T05:17:45.880236,4.314255e-02,9.921875e-01
34150,2025-08-20T05:17:55.520242,4.648938e-02,9.921875e-01
34200,2025-08-20T05:18:05.265296,4.945602e-03,1.000000e+00
34250,2025-08-20T05:18:15.314096,5.151936e-02,9.843750e-01
34300,2025-08-20T05:18:26.024554,3.079187e-03,1.000000e+00
34350,2025-08-20T05:18:36.347214,8.320745e-03,1.000000e+00
34400,2025-08-20T05:18:47.026874,7.237677e-03,1.000000e+00
34450,2025-08-20T05:18:57.724182,4.360674e-03,1.000000e+00
34500,2025-08-20T05:19:08.810318,6.239483e-03,1.000000e+00
34550,2025-08-20T05:21:15.956123,1.243039e-02,1.000000e+00
34600,2025-08-20T05:21:25.857684,8.781227e-03,1.000000e+00
34650,2025-08-20T05:21:35.573785,4.923271e-02,9.843750e-01
34700,2025-08-20T05:21:45.243981,5.247048e-02,9.921875e-01
34750,2025-08-20T05:21:55.054185,3.082148e-03,1.000000e+00
34800,2025-08-20T05:22:04.959843,4.213735e-02,9.843750e-01
34850,2025-08-20T05:22:14.702627,2.961028e-02,9.921875e-01
34900,2025-08-20T05:22:24.969165,3.641892e-03,1.000000e+00
34950,2025-08-20T05:22:34.978727,1.915287e-02,9.843750e-01
35000,2025-08-20T05:22:44.678091,2.672437e-03,1.000000e+00
35050,2025-08-20T05:24:48.039030,2.715214e-03,1.000000e+00
35100,2025-08-20T05:24:58.224310,2.857399e-02,9.921875e-01
35150,2025-08-20T05:25:07.880594,4.570737e-03,1.000000e+00
35200,2025-08-20T05:25:19.354586,8.002628e-03,1.000000e+00
35250,2025-08-20T05:25:29.715810,2.360485e-03,1.000000e+00
35300,2025-08-20T05:25:41.937529,1.478904e-02,9.921875e-01
35350,2025-08-20T05:25:52.429896,2.436173e-03,1.000000e+00
35400,2025-08-20T05:26:02.508933,4.536551e-03,1.000000e+00
35450,2025-08-20T05:26:12.753341,1.879634e-02,9.921875e-01
35500,2025-08-20T05:26:22.793680,6.496205e-02,9.843750e-01
35550,2025-08-20T05:28:30.149333,3.478215e-03,1.000000e+00
35600,2025-08-20T05:28:40.455688,1.412070e-02,1.000000e+00
35650,2025-08-20T05:28:50.504405,4.088763e-03,1.000000e+00
35700,2025-08-20T05:29:00.533750,4.381104e-03,1.000000e+00
35750,2025-08-20T05:29:10.617792,2.909895e-03,1.000000e+00
35800,2025-08-20T05:29:21.181724,7.430640e-02,9.843750e-01
35850,2025-08-20T05:29:31.883633,5.755065e-03,1.000000e+00
35900,2025-08-20T05:29:42.531658,1.047900e-02,9.921875e-01
35950,2025-08-20T05:29:53.174169,7.420597e-03,1.000000e+00
36000,2025-08-20T05:30:03.517597,5.274864e-03,1.000000e+00
36050,2025-08-20T05:32:08.084433,4.619326e-02,9.921875e-01
36100,2025-08-20T05:32:18.196568,4.601670e-02,9.921875e-01
36150,2025-08-20T05:32:28.413952,1.212411e-02,9.921875e-01
36200,2025-08-20T05:32:38.481103,1.884443e-02,1.000000e+00
36250,2025-08-20T05:32:49.163326,6.324907e-02,9.843750e-01
36300,2025-08-20T05:33:00.464201,1.958491e-02,9.921875e-01
36350,2025-08-20T05:33:11.907820,9.605008e-03,1.000000e+00
36400,2025-08-20T05:33:22.150122,5.731377e-03,1.000000e+00
36450,2025-08-20T05:33:32.217094,6.537500e-03,1.000000e+00
36500,2025-08-20T05:33:42.086880,5.221727e-02,9.921875e-01
36550,2025-08-20T05:35:58.603848,7.897910e-02,9.843750e-01
36600,2025-08-20T05:36:09.505424,2.499892e-03,1.000000e+00
36650,2025-08-20T05:36:20.789413,3.642405e-03,1.000000e+00
36700,2025-08-20T05:36:31.600370,4.579357e-03,1.000000e+00
36750,2025-08-20T05:36:41.657275,4.329237e-02,9.921875e-01
36800,2025-08-20T05:36:51.429555,3.579882e-02,9.921875e-01
36850,2025-08-20T05:37:02.294364,5.352086e-03,1.000000e+00
36900,2025-08-20T05:37:12.833121,2.326730e-03,1.000000e+00
36950,2025-08-20T05:37:23.437900,3.297480e-03,1.000000e+00
37000,2025-08-20T05:37:33.761787,4.478500e-02,9.921875e-01
37050,2025-08-20T05:39:39.520840,2.321221e-03,1.000000e+00
37100,2025-08-20T05:39:49.930237,4.587287e-02,9.843750e-01
37150,2025-08-20T05:40:00.175327,1.282333e-01,9.687500e-01
37200,2025-08-20T05:40:10.256089,5.990023e-02,9.843750e-01
37250,2025-08-20T05:40:20.289381,7.267783e-03,1.000000e+00
37300,2025-08-20T05:40:30.289263,5.205802e-02,9.921875e-01
37350,2025-08-20T05:40:42.295365,6.570367e-03,1.000000e+00
37400,2025-08-20T05:40:55.134653,3.782564e-03,1.000000e+00
37450,2025-08-20T05:41:06.206026,1.575530e-02,9.921875e-01
37500,2025-08-20T05:41:17.515393,9.459450e-02,9.843750e-01
37550,2025-08-20T05:43:24.065762,3.112159e-02,9.921875e-01
37600,2025-08-20T05:43:34.158019,6.898970e-03,1.000000e+00
37650,2025-08-20T05:43:44.273414,3.615060e-03,1.000000e+00
37700,2025-08-20T05:43:54.310051,1.142103e-02,9.921875e-01
37750,2025-08-20T05:44:04.224682,6.746605e-03,1.000000e+00
37800,2025-08-20T05:44:13.943366,1.062107e-02,9.921875e-01
37850,2025-08-20T05:44:23.702487,5.783270e-02,9.921875e-01
37900,2025-08-20T05:44:33.778104,1.542945e-03,1.000000e+00
37950,2025-08-20T05:44:44.297980,1.631498e-02,9.921875e-01
38000,2025-08-20T05:44:54.765309,2.657244e-03,1.000000e+00
38050,2025-08-20T05:46:58.186273,4.475993e-02,9.843750e-01
38100,2025-08-20T05:47:07.945083,3.633687e-02,9.921875e-01
38150,2025-08-20T05:47:18.481930,3.694428e-02,9.921875e-01
38200,2025-08-20T05:47:29.230058,3.308715e-03,1.000000e+00
38250,2025-08-20T05:47:40.844977,1.080293e-02,1.000000e+00
38300,2025-08-20T05:47:51.359191,2.526377e-02,9.843750e-01
38350,2025-08-20T05:48:01.838686,5.251761e-03,1.000000e+00
38400,2025-08-20T05:48:12.633761,1.078789e-02,1.000000e+00
38450,2025-08-20T05:48:23.499271,8.503581e-02,9.765625e-01
38500,2025-08-20T05:48:34.029252,4.280931e-02,9.921875e-01
38550,2025-08-20T05:50:38.104426,1.283668e-02,9.921875e-01
38600,2025-08-20T05:50:47.841374,5.808194e-02,9.843750e-01
38650,2025-08-20T05:50:57.915100,4.874531e-03,1.000000e+00
38700,2025-08-20T05:51:08.738875,4.284043e-02,9.921875e-01
38750,2025-08-20T05:51:19.731255,5.754841e-02,9.921875e-01
38800,2025-08-20T05:51:30.831498,7.200298e-02,9.843750e-01
38850,2025-08-20T05:51:40.712113,4.121753e-03,1.000000e+00
38900,2025-08-20T05:51:51.331414,2.983836e-02,9.921875e-01
38950,2025-08-20T05:52:01.930698,1.595597e-02,9.921875e-01
39000,2025-08-20T05:52:12.370196,3.597721e-03,1.000000e+00
39050,2025-08-20T05:54:17.264795,1.993540e-03,1.000000e+00
39100,2025-08-20T05:54:27.146918,8.323427e-03,1.000000e+00
39150,2025-08-20T05:54:36.862759,9.902860e-02,9.843750e-01
39200,2025-08-20T05:54:46.639375,1.016451e-01,9.843750e-01
39250,2025-08-20T05:54:56.572895,2.628289e-02,9.921875e-01
39300,2025-08-20T05:55:06.677820,6.056580e-03,1.000000e+00
39350,2025-08-20T05:55:16.948333,3.923209e-02,9.921875e-01
39400,2025-08-20T05:55:26.776790,4.465286e-03,1.000000e+00
39450,2025-08-20T05:55:36.717086,9.755829e-03,9.921875e-01
39500,2025-08-20T05:55:46.634927,7.361772e-03,1.000000e+00
39550,2025-08-20T05:57:50.258131,3.408653e-03,1.000000e+00
39600,2025-08-20T05:58:00.318366,1.642239e-02,9.921875e-01
39650,2025-08-20T05:58:10.420595,3.773694e-02,9.921875e-01
39700,2025-08-20T05:58:20.307988,4.583882e-02,9.843750e-01
39750,2025-08-20T05:58:30.145973,4.730226e-03,1.000000e+00
39800,2025-08-20T05:58:40.699351,1.555443e-02,9.921875e-01
39850,2025-08-20T05:58:51.454487,6.041088e-02,9.843750e-01
39900,2025-08-20T05:59:01.630319,6.175799e-03,1.000000e+00
39950,2025-08-20T05:59:11.517456,4.083342e-03,1.000000e+00
40000,2025-08-20T05:59:21.556099,6.349907e-03,1.000000e+00
40050,2025-08-20T06:01:29.907599,5.455497e-03,1.000000e+00
40100,2025-08-20T06:01:40.129374,8.964393e-03,1.000000e+00
40150,2025-08-20T06:01:50.242703,6.402211e-03,1.000000e+00
40200,2025-08-20T06:02:00.207731,3.326086e-03,1.000000e+00
40250,2025-08-20T06:02:09.998936,8.480762e-02,9.843750e-01
40300,2025-08-20T06:02:19.869843,2.445662e-03,1.000000e+00
40350,2025-08-20T06:02:29.911497,2.962976e-03,1.000000e+00
40400,2025-08-20T06:02:39.986944,7.894862e-03,1.000000e+00
40450,2025-08-20T06:02:50.024385,3.870365e-03,1.000000e+00
40500,2025-08-20T06:02:59.814267,1.457114e-03,1.000000e+00
40550,2025-08-20T06:05:04.086372,2.561854e-03,1.000000e+00
40600,2025-08-20T06:05:14.323923,6.293955e-02,9.843750e-01
40650,2025-08-20T06:05:25.493270,2.706751e-02,9.921875e-01
40700,2025-08-20T06:05:36.447840,9.352436e-03,9.921875e-01
40750,2025-08-20T06:05:46.446654,4.743818e-03,1.000000e+00
40800,2025-08-20T06:05:56.220832,3.797749e-02,9.921875e-01
40850,2025-08-20T06:06:06.051635,4.833329e-03,1.000000e+00
40900,2025-08-20T06:06:15.961848,4.734839e-02,9.921875e-01
40950,2025-08-20T06:06:26.039268,3.597186e-02,9.921875e-01
41000,2025-08-20T06:06:36.443219,9.779362e-02,9.843750e-01
41050,2025-08-20T06:08:44.262537,2.795904e-03,1.000000e+00
41100,2025-08-20T06:08:54.064018,5.068104e-02,9.921875e-01
41150,2025-08-20T06:09:03.832041,4.368198e-02,9.921875e-01
41200,2025-08-20T06:09:14.338448,3.437236e-03,1.000000e+00
41250,2025-08-20T06:09:25.286489,3.823701e-02,9.921875e-01
41300,2025-08-20T06:09:35.726627,7.666354e-03,1.000000e+00
41350,2025-08-20T06:09:45.821791,6.363901e-03,1.000000e+00
41400,2025-08-20T06:09:55.351574,4.926488e-02,9.921875e-01
41450,2025-08-20T06:10:06.604969,2.483835e-03,1.000000e+00
41500,2025-08-20T06:10:18.391191,3.689791e-03,1.000000e+00
41550,2025-08-20T06:12:30.106314,5.949602e-03,1.000000e+00
41600,2025-08-20T06:12:40.241120,4.840545e-03,1.000000e+00
41650,2025-08-20T06:12:51.802423,2.106184e-03,1.000000e+00
41700,2025-08-20T06:13:03.682720,4.299570e-03,1.000000e+00
41750,2025-08-20T06:13:14.544953,1.019137e-02,1.000000e+00
41800,2025-08-20T06:13:25.119566,4.312263e-02,9.921875e-01
41850,2025-08-20T06:13:35.475987,4.642493e-02,9.921875e-01
41900,2025-08-20T06:13:45.908680,4.103697e-03,1.000000e+00
41950,2025-08-20T06:13:56.405491,1.138523e-02,1.000000e+00
42000,2025-08-20T06:14:07.170519,1.805723e-02,9.921875e-01
42050,2025-08-20T06:16:08.060909,7.529535e-02,9.843750e-01
42100,2025-08-20T06:16:17.771260,6.436932e-02,9.843750e-01
42150,2025-08-20T06:16:27.369457,2.384717e-02,9.921875e-01
42200,2025-08-20T06:16:36.923455,4.721709e-02,9.921875e-01
42250,2025-08-20T06:16:46.623892,3.045452e-02,9.921875e-01
42300,2025-08-20T06:16:56.454331,3.873796e-02,9.921875e-01
42350,2025-08-20T06:17:06.258493,4.549211e-02,9.921875e-01
42400,2025-08-20T06:17:15.791505,1.235670e-02,1.000000e+00
42450,2025-08-20T06:17:25.373114,7.892877e-03,1.000000e+00
42500,2025-08-20T06:17:34.966961,6.385717e-02,9.843750e-01
42550,2025-08-20T06:19:34.192521,1.843784e-03,1.000000e+00
42600,2025-08-20T06:19:43.916383,4.769806e-03,1.000000e+00
42650,2025-08-20T06:19:53.722992,5.206488e-02,9.921875e-01
42700,2025-08-20T06:20:03.429255,1.077903e-02,9.921875e-01
42750,2025-08-20T06:20:12.905046,8.628089e-03,1.000000e+00
42800,2025-08-20T06:20:22.501072,3.486081e-03,1.000000e+00
42850,2025-08-20T06:20:32.010480,4.431981e-02,9.843750e-01
42900,2025-08-20T06:20:41.698376,5.516273e-02,9.843750e-01
42950,2025-08-20T06:20:51.487755,3.885358e-02,9.921875e-01
43000,2025-08-20T06:21:01.089515,1.002514e-02,1.000000e+00
43050,2025-08-20T06:22:58.933134,3.640028e-02,9.921875e-01
43100,2025-08-20T06:23:08.435445,8.056902e-03,1.000000e+00
43150,2025-08-20T06:23:17.910370,2.144392e-02,9.921875e-01
43200,2025-08-20T06:23:27.580303,4.859216e-03,1.000000e+00
43250,2025-08-20T06:23:37.392853,4.328557e-03,1.000000e+00
43300,2025-08-20T06:23:47.215386,3.889063e-02,9.921875e-01
43350,2025-08-20T06:23:56.793798,4.784525e-03,1.000000e+00
43400,2025-08-20T06:24:06.286254,6.878179e-03,1.000000e+00
43450,2025-08-20T06:24:15.818626,4.554473e-03,1.000000e+00
43500,2025-08-20T06:24:25.550076,4.394689e-02,9.921875e-01
43550,2025-08-20T06:26:23.768703,8.867416e-02,9.843750e-01
43600,2025-08-20T06:26:33.594495,5.729342e-02,9.921875e-01
43650,2025-08-20T06:26:43.292128,8.086327e-03,1.000000e+00
43700,2025-08-20T06:26:52.843139,1.159023e-01,9.765625e-01
43750,2025-08-20T06:27:02.368301,4.463896e-03,1.000000e+00
43800,2025-08-20T06:27:11.943693,5.801615e-03,1.000000e+00
43850,2025-08-20T06:27:21.707311,8.309793e-02,9.843750e-01
43900,2025-08-20T06:27:31.522891,5.125678e-02,9.921875e-01
43950,2025-08-20T06:27:41.167015,5.665194e-03,1.000000e+00
44000,2025-08-20T06:27:50.674604,1.510387e-02,9.921875e-01
44050,2025-08-20T06:29:48.873765,3.609596e-02,9.921875e-01
44100,2025-08-20T06:29:58.447434,4.879087e-03,1.000000e+00
44150,2025-08-20T06:30:08.129621,4.427932e-02,9.921875e-01
44200,2025-08-20T06:30:17.958006,5.197252e-02,9.843750e-01
44250,2025-08-20T06:30:27.722745,2.764946e-02,9.921875e-01
44300,2025-08-20T06:30:37.360906,2.577030e-03,1.000000e+00
44350,2025-08-20T06:30:46.819059,5.897521e-02,9.921875e-01
44400,2025-08-20T06:30:56.304599,4.597060e-02,9.921875e-01
44450,2025-08-20T06:31:05.937842,2.316935e-03,1.000000e+00
44500,2025-08-20T06:31:15.732901,1.067961e-02,1.000000e+00
44550,2025-08-20T06:33:13.997759,5.981178e-03,1.000000e+00
44600,2025-08-20T06:33:23.767276,7.825245e-02,9.843750e-01
44650,2025-08-20T06:33:33.289493,2.046800e-03,1.000000e+00
44700,2025-08-20T06:33:42.805243,3.333917e-03,1.000000e+00
44750,2025-08-20T06:33:52.295086,6.648549e-02,9.843750e-01
44800,2025-08-20T06:34:02.048960,4.180512e-02,9.921875e-01
44850,2025-08-20T06:34:11.829811,3.462930e-03,1.000000e+00
44900,2025-08-20T06:34:21.528983,5.896252e-03,1.000000e+00
44950,2025-08-20T06:34:30.984284,4.662032e-03,1.000000e+00
45000,2025-08-20T06:34:40.531726,1.619514e-02,9.921875e-01
45050,2025-08-20T06:36:39.559201,1.733998e-02,9.921875e-01
45100,2025-08-20T06:36:49.149340,3.793526e-02,9.843750e-01
45150,2025-08-20T06:36:58.904334,3.121708e-02,9.921875e-01
45200,2025-08-20T06:37:08.757104,3.892065e-03,1.000000e+00
45250,2025-08-20T06:37:18.433598,5.618942e-03,1.000000e+00
45300,2025-08-20T06:37:27.989332,4.947157e-03,1.000000e+00
45350,2025-08-20T06:37:37.793702,7.713000e-02,9.843750e-01
45400,2025-08-20T06:37:47.532644,1.045740e-02,9.921875e-01
45450,2025-08-20T06:37:57.329501,8.570101e-03,1.000000e+00
45500,2025-08-20T06:38:07.158852,5.128275e-02,9.921875e-01
45550,2025-08-20T06:40:05.756553,3.946195e-02,9.921875e-01
45600,2025-08-20T06:40:15.292990,4.985843e-03,1.000000e+00
45650,2025-08-20T06:40:24.825268,3.773334e-03,1.000000e+00
45700,2025-08-20T06:40:34.356450,3.894821e-03,1.000000e+00
45750,2025-08-20T06:40:44.168360,4.837610e-02,9.843750e-01
45800,2025-08-20T06:40:53.976866,4.464327e-02,9.921875e-01
45850,2025-08-20T06:41:03.664632,5.533155e-03,1.000000e+00
45900,2025-08-20T06:41:13.240691,1.033975e-02,1.000000e+00
45950,2025-08-20T06:41:22.792673,5.560199e-02,9.843750e-01
46000,2025-08-20T06:41:32.338639,2.791955e-03,1.000000e+00
46050,2025-08-20T06:43:30.790045,3.710886e-02,9.921875e-01
46100,2025-08-20T06:43:40.622973,5.758027e-02,9.843750e-01
46150,2025-08-20T06:43:50.510104,9.322232e-03,1.000000e+00
46200,2025-08-20T06:44:00.090743,8.011846e-03,1.000000e+00
46250,2025-08-20T06:44:09.553844,3.964569e-02,9.921875e-01
46300,2025-08-20T06:44:19.129480,8.512858e-03,1.000000e+00
46350,2025-08-20T06:44:28.877171,4.672870e-02,9.921875e-01
46400,2025-08-20T06:44:38.677264,1.823972e-03,1.000000e+00
46450,2025-08-20T06:44:48.480710,4.370623e-02,9.921875e-01
46500,2025-08-20T06:44:58.043316,4.473177e-03,1.000000e+00
46550,2025-08-20T06:46:56.798310,2.421899e-02,9.921875e-01
46600,2025-08-20T06:47:06.319641,3.120145e-02,9.921875e-01
46650,2025-08-20T06:47:15.767866,4.165179e-03,1.000000e+00
46700,2025-08-20T06:47:25.667231,1.236081e-02,9.921875e-01
46750,2025-08-20T06:47:35.825496,2.196336e-02,9.921875e-01
46800,2025-08-20T06:47:45.584844,1.272666e-02,9.921875e-01
46850,2025-08-20T06:47:55.141366,3.314706e-02,9.843750e-01
46900,2025-08-20T06:48:05.148620,8.498603e-03,1.000000e+00
46950,2025-08-20T06:48:14.822795,6.685521e-03,1.000000e+00
47000,2025-08-20T06:48:24.606413,3.032139e-03,1.000000e+00
47050,2025-08-20T06:50:25.937025,2.366769e-03,1.000000e+00
47100,2025-08-20T06:50:36.128858,2.012998e-03,1.000000e+00
47150,2025-08-20T06:50:45.697173,4.717022e-03,1.000000e+00
47200,2025-08-20T06:50:55.221338,2.763626e-02,9.921875e-01
47250,2025-08-20T06:51:04.702408,1.336881e-02,1.000000e+00
47300,2025-08-20T06:51:14.387531,4.007203e-02,9.921875e-01
47350,2025-08-20T06:51:24.192915,1.959342e-02,9.921875e-01
47400,2025-08-20T06:51:33.909553,2.655050e-03,1.000000e+00
47450,2025-08-20T06:51:43.402720,2.936581e-02,9.843750e-01
47500,2025-08-20T06:51:52.950332,1.393785e-02,9.921875e-01
47550,2025-08-20T06:54:02.444347,1.347631e-02,9.921875e-01
47600,2025-08-20T06:54:12.171688,7.262962e-03,1.000000e+00
47650,2025-08-20T06:54:21.953546,3.336433e-03,1.000000e+00
47700,2025-08-20T06:54:31.611518,9.707554e-03,1.000000e+00
47750,2025-08-20T06:54:41.074155,4.130387e-02,9.921875e-01
47800,2025-08-20T06:54:50.633676,9.138100e-03,1.000000e+00
47850,2025-08-20T06:55:00.166888,1.749009e-03,1.000000e+00
47900,2025-08-20T06:55:09.981733,5.979227e-02,9.843750e-01
47950,2025-08-20T06:55:19.720828,2.566147e-03,1.000000e+00
48000,2025-08-20T06:55:29.338076,6.268297e-02,9.921875e-01
48050,2025-08-20T06:57:28.260270,1.402979e-02,9.921875e-01
48100,2025-08-20T06:57:37.791988,4.904632e-03,1.000000e+00
48150,2025-08-20T06:57:47.258485,2.338636e-03,1.000000e+00
48200,2025-08-20T06:57:56.990924,3.784828e-03,1.000000e+00
48250,2025-08-20T06:58:06.859875,1.011973e-01,9.843750e-01
48300,2025-08-20T06:58:16.641069,3.607223e-03,1.000000e+00
48350,2025-08-20T06:58:26.201560,6.763402e-03,1.000000e+00
48400,2025-08-20T06:58:35.694733,3.919823e-02,9.921875e-01
48450,2025-08-20T06:58:45.247878,3.599324e-03,1.000000e+00
48500,2025-08-20T06:58:55.070910,3.964885e-02,9.921875e-01
48550,2025-08-20T07:00:53.847225,3.891687e-03,1.000000e+00
48600,2025-08-20T07:01:03.603549,5.146247e-03,1.000000e+00
48650,2025-08-20T07:01:13.343091,1.034885e-01,9.843750e-01
48700,2025-08-20T07:01:22.866826,4.575282e-02,9.921875e-01
48750,2025-08-20T07:01:32.396734,2.971552e-03,1.000000e+00
48800,2025-08-20T07:01:41.945591,1.113772e-02,1.000000e+00
48850,2025-08-20T07:01:51.697135,4.749276e-02,9.843750e-01
48900,2025-08-20T07:02:01.552913,4.696008e-03,1.000000e+00
48950,2025-08-20T07:02:11.546759,1.392799e-02,1.000000e+00
49000,2025-08-20T07:02:21.085599,4.712140e-02,9.921875e-01
49050,2025-08-20T07:04:18.425374,3.883407e-02,9.921875e-01
49100,2025-08-20T07:04:27.996449,4.553284e-03,1.000000e+00
49150,2025-08-20T07:04:37.482403,5.064139e-02,9.843750e-01
49200,2025-08-20T07:04:47.178330,3.960516e-03,1.000000e+00
49250,2025-08-20T07:04:56.931607,4.000187e-03,1.000000e+00
49300,2025-08-20T07:05:06.618794,4.974538e-03,1.000000e+00
49350,2025-08-20T07:05:16.039290,2.676733e-02,9.921875e-01
49400,2025-08-20T07:05:25.617115,9.574395e-02,9.843750e-01
49450,2025-08-20T07:05:35.162260,5.425708e-03,1.000000e+00
49500,2025-08-20T07:05:45.080341,4.202669e-02,9.921875e-01
49550,2025-08-20T07:07:40.775458,7.178327e-02,9.843750e-01
49600,2025-08-20T07:07:50.317587,6.069636e-03,1.000000e+00
49650,2025-08-20T07:07:59.873589,1.559986e-02,9.921875e-01
49700,2025-08-20T07:08:09.203738,3.001229e-02,9.843750e-01
49750,2025-08-20T07:08:18.674221,4.739419e-02,9.921875e-01
49800,2025-08-20T07:08:28.013489,6.634478e-03,1.000000e+00
49850,2025-08-20T07:08:37.598055,3.689381e-03,1.000000e+00
49900,2025-08-20T07:08:47.148751,4.686725e-03,1.000000e+00
49950,2025-08-20T07:08:56.667873,4.220909e-03,1.000000e+00
50000,2025-08-20T07:09:06.044382,4.612135e-02,9.843750e-01
50050,2025-08-20T07:11:02.654660,3.645767e-03,1.000000e+00
50100,2025-08-20T07:11:12.012117,4.064339e-02,9.921875e-01
50150,2025-08-20T07:11:21.344292,5.253749e-03,1.000000e+00
50200,2025-08-20T07:11:30.750464,2.156485e-02,9.921875e-01
50250,2025-08-20T07:11:40.347491,5.158707e-03,1.000000e+00
50300,2025-08-20T07:11:49.893379,2.673201e-03,1.000000e+00
50350,2025-08-20T07:11:59.323060,8.960102e-03,1.000000e+00
50400,2025-08-20T07:12:08.631363,6.297250e-02,9.921875e-01
50450,2025-08-20T07:12:17.816458,5.888312e-03,1.000000e+00
50500,2025-08-20T07:12:27.265751,3.972998e-03,1.000000e+00
50550,2025-08-20T07:14:23.362005,4.998122e-03,1.000000e+00
50600,2025-08-20T07:14:32.956239,1.002341e-02,1.000000e+00
50650,2025-08-20T07:14:42.550569,3.224200e-03,1.000000e+00
50700,2025-08-20T07:14:52.015783,2.519611e-03,1.000000e+00
50750,2025-08-20T07:15:01.260070,4.788889e-02,9.921875e-01
50800,2025-08-20T07:15:10.554048,7.577191e-03,1.000000e+00
50850,2025-08-20T07:15:19.916265,1.388413e-01,9.687500e-01
50900,2025-08-20T07:15:29.419401,1.518670e-02,1.000000e+00
50950,2025-08-20T07:15:38.957922,3.118531e-02,9.921875e-01
51000,2025-08-20T07:15:48.366081,5.509315e-03,1.000000e+00
51050,2025-08-20T07:17:44.719561,2.861852e-02,9.921875e-01
51100,2025-08-20T07:17:54.051654,4.596595e-02,9.843750e-01
51150,2025-08-20T07:18:03.372542,2.165170e-03,1.000000e+00
51200,2025-08-20T07:18:12.670220,3.574507e-03,1.000000e+00
51250,2025-08-20T07:18:22.153814,3.615038e-02,9.921875e-01
51300,2025-08-20T07:18:31.766958,4.271613e-02,9.921875e-01
51350,2025-08-20T07:18:41.200895,1.350249e-01,9.765625e-01
51400,2025-08-20T07:18:50.538548,2.456784e-03,1.000000e+00
51450,2025-08-20T07:18:59.799921,7.354127e-02,9.843750e-01
51500,2025-08-20T07:19:09.105320,4.821075e-03,1.000000e+00
51550,2025-08-20T07:21:05.590961,3.850571e-03,1.000000e+00
51600,2025-08-20T07:21:15.066703,3.119499e-03,1.000000e+00
51650,2025-08-20T07:21:24.576738,4.020655e-03,1.000000e+00
51700,2025-08-20T07:21:34.082970,3.767554e-02,9.843750e-01
51750,2025-08-20T07:21:43.451722,1.974437e-02,9.921875e-01
51800,2025-08-20T07:21:52.766410,3.052052e-03,1.000000e+00
51850,2025-08-20T07:22:02.106424,1.533628e-02,1.000000e+00
51900,2025-08-20T07:22:11.541952,1.563215e-02,9.921875e-01
51950,2025-08-20T07:22:21.060554,6.139851e-02,9.843750e-01
52000,2025-08-20T07:22:30.537499,7.851791e-03,1.000000e+00
52050,2025-08-20T07:24:26.507308,1.956529e-02,9.921875e-01
52100,2025-08-20T07:24:35.885421,3.157571e-03,1.000000e+00
52150,2025-08-20T07:24:45.285277,1.157226e-01,9.843750e-01
52200,2025-08-20T07:24:54.582588,8.196712e-03,1.000000e+00
52250,2025-08-20T07:25:03.926990,3.598374e-03,1.000000e+00
52300,2025-08-20T07:25:13.448298,5.223485e-03,1.000000e+00
52350,2025-08-20T07:25:22.989506,4.789968e-03,1.000000e+00
52400,2025-08-20T07:25:32.451576,3.431177e-03,1.000000e+00
52450,2025-08-20T07:25:41.748551,5.193403e-03,1.000000e+00
52500,2025-08-20T07:25:51.002779,1.514663e-02,9.921875e-01
52550,2025-08-20T07:27:47.472474,3.696802e-02,9.921875e-01
52600,2025-08-20T07:27:56.733771,4.441588e-02,9.921875e-01
52650,2025-08-20T07:28:06.235187,9.396859e-02,9.843750e-01
52700,2025-08-20T07:28:15.756514,6.763064e-02,9.843750e-01
52750,2025-08-20T07:28:25.325877,2.793830e-02,9.921875e-01
52800,2025-08-20T07:28:34.611657,8.416424e-03,1.000000e+00
52850,2025-08-20T07:28:43.892311,5.093770e-02,9.921875e-01
52900,2025-08-20T07:28:53.234699,5.402128e-02,9.921875e-01
52950,2025-08-20T07:29:02.720392,1.604609e-02,9.921875e-01
53000,2025-08-20T07:29:12.262207,4.380340e-02,9.921875e-01
53050,2025-08-20T07:31:08.617838,7.833409e-02,9.843750e-01
53100,2025-08-20T07:31:18.127776,4.274923e-03,1.000000e+00
53150,2025-08-20T07:31:27.445356,3.553945e-03,1.000000e+00
53200,2025-08-20T07:31:36.766327,3.220596e-03,1.000000e+00
53250,2025-08-20T07:31:46.079488,2.764099e-03,1.000000e+00
53300,2025-08-20T07:31:55.584104,9.586047e-02,9.843750e-01
53350,2025-08-20T07:32:05.091002,1.681580e-03,1.000000e+00
53400,2025-08-20T07:32:14.627926,2.647278e-02,9.921875e-01
53450,2025-08-20T07:32:23.969051,4.819314e-03,1.000000e+00
53500,2025-08-20T07:32:33.321831,4.208345e-02,9.921875e-01
53550,2025-08-20T07:34:29.310755,1.035373e-02,1.000000e+00
53600,2025-08-20T07:34:38.555796,1.963084e-03,1.000000e+00
53650,2025-08-20T07:34:47.809821,2.765745e-03,1.000000e+00
53700,2025-08-20T07:34:57.298567,5.152606e-02,9.843750e-01
53750,2025-08-20T07:35:06.733982,2.753080e-03,1.000000e+00
53800,2025-08-20T07:35:16.077767,7.079369e-02,9.843750e-01
53850,2025-08-20T07:35:25.355116,4.997993e-02,9.921875e-01
53900,2025-08-20T07:35:34.675197,3.793946e-03,1.000000e+00
53950,2025-08-20T07:35:43.841109,2.473798e-02,9.921875e-01
54000,2025-08-20T07:35:53.286746,4.224184e-03,1.000000e+00
54050,2025-08-20T07:37:47.958757,2.701414e-03,1.000000e+00
54100,2025-08-20T07:37:57.371955,8.871948e-03,1.000000e+00
54150,2025-08-20T07:38:06.834242,2.353918e-03,1.000000e+00
54200,2025-08-20T07:38:16.172301,1.231470e-02,9.921875e-01
54250,2025-08-20T07:38:25.471899,4.107496e-03,1.000000e+00
54300,2025-08-20T07:38:34.692194,5.970233e-03,1.000000e+00
54350,2025-08-20T07:38:43.975398,2.590148e-02,9.921875e-01
54400,2025-08-20T07:38:53.407290,1.385000e-02,1.000000e+00
54450,2025-08-20T07:39:02.838904,5.317352e-03,1.000000e+00
54500,2025-08-20T07:39:12.271683,5.268572e-03,1.000000e+00
54550,2025-08-20T07:41:05.838697,6.927480e-03,1.000000e+00
54600,2025-08-20T07:41:15.234250,7.069007e-03,1.000000e+00
54650,2025-08-20T07:41:24.421063,4.480612e-02,9.921875e-01
54700,2025-08-20T07:41:33.606702,9.389728e-03,1.000000e+00
54750,2025-08-20T07:41:42.851750,7.015772e-02,9.843750e-01
54800,2025-08-20T07:41:52.248970,4.461900e-03,1.000000e+00
54850,2025-08-20T07:42:01.659386,3.438354e-03,1.000000e+00
54900,2025-08-20T07:42:11.029070,1.442105e-02,9.921875e-01
54950,2025-08-20T07:42:20.219574,2.248919e-03,1.000000e+00
55000,2025-08-20T07:42:29.423291,4.416435e-02,9.921875e-01
55050,2025-08-20T07:44:23.427498,6.158265e-02,9.843750e-01
55100,2025-08-20T07:44:32.717639,4.059731e-02,9.921875e-01
55150,2025-08-20T07:44:41.955933,4.695365e-02,9.921875e-01
55200,2025-08-20T07:44:51.368363,4.371514e-02,9.921875e-01
55250,2025-08-20T07:45:00.817499,2.685613e-03,1.000000e+00
55300,2025-08-20T07:45:10.167218,6.143244e-03,1.000000e+00
55350,2025-08-20T07:45:19.370137,6.463483e-03,1.000000e+00
55400,2025-08-20T07:45:28.617459,5.428486e-03,1.000000e+00
55450,2025-08-20T07:45:37.783035,4.948901e-03,1.000000e+00
55500,2025-08-20T07:45:47.194134,4.857373e-02,9.921875e-01
55550,2025-08-20T07:47:42.379146,2.427345e-03,1.000000e+00
55600,2025-08-20T07:47:51.897170,6.458653e-03,1.000000e+00
55650,2025-08-20T07:48:01.271348,3.326332e-03,1.000000e+00
55700,2025-08-20T07:48:10.648285,4.045006e-02,9.921875e-01
55750,2025-08-20T07:48:20.031969,4.563756e-02,9.921875e-01
55800,2025-08-20T07:48:29.287610,2.454393e-03,1.000000e+00
55850,2025-08-20T07:48:38.611084,4.113183e-02,9.921875e-01
55900,2025-08-20T07:48:48.089836,4.995540e-03,1.000000e+00
55950,2025-08-20T07:48:57.563944,6.065639e-03,1.000000e+00
56000,2025-08-20T07:49:06.965566,2.483670e-03,1.000000e+00
56050,2025-08-20T07:51:01.763230,4.874076e-03,1.000000e+00
56100,2025-08-20T07:51:11.127256,7.008863e-03,1.000000e+00
56150,2025-08-20T07:51:20.380535,1.678799e-02,9.921875e-01
56200,2025-08-20T07:51:29.620692,3.080837e-03,1.000000e+00
56250,2025-08-20T07:51:38.897191,6.450482e-02,9.843750e-01
56300,2025-08-20T07:51:48.336908,9.242836e-02,9.765625e-01
56350,2025-08-20T07:51:57.761774,6.030453e-02,9.921875e-01
56400,2025-08-20T07:52:07.112878,9.158129e-02,9.765625e-01
56450,2025-08-20T07:52:16.311577,6.916463e-03,1.000000e+00
56500,2025-08-20T07:52:25.564352,7.755918e-02,9.843750e-01
56550,2025-08-20T07:54:20.303489,3.836887e-02,9.921875e-01
56600,2025-08-20T07:54:29.432875,4.316898e-02,9.921875e-01
56650,2025-08-20T07:54:38.781175,1.456953e-01,9.687500e-01
56700,2025-08-20T07:54:48.290032,4.939261e-02,9.921875e-01
56750,2025-08-20T07:54:57.741565,6.372951e-03,1.000000e+00
56800,2025-08-20T07:55:07.103182,9.534310e-02,9.843750e-01
56850,2025-08-20T07:55:16.393286,1.029461e-01,9.843750e-01
56900,2025-08-20T07:55:25.587474,3.508430e-02,9.921875e-01
56950,2025-08-20T07:55:34.815806,1.795175e-03,1.000000e+00
57000,2025-08-20T07:55:44.285064,2.613834e-02,9.921875e-01
57050,2025-08-20T07:57:38.480636,2.571480e-03,1.000000e+00
57100,2025-08-20T07:57:47.921217,3.851761e-02,9.921875e-01
57150,2025-08-20T07:57:57.352569,3.523323e-02,9.921875e-01
57200,2025-08-20T07:58:06.644877,5.384058e-02,9.921875e-01
57250,2025-08-20T07:58:15.854884,8.540690e-03,1.000000e+00
57300,2025-08-20T07:58:25.123924,4.566837e-02,9.921875e-01
57350,2025-08-20T07:58:34.469563,2.593488e-03,1.000000e+00
57400,2025-08-20T07:58:43.902423,1.559032e-02,9.921875e-01
57450,2025-08-20T07:58:53.298751,4.381658e-03,1.000000e+00
57500,2025-08-20T07:59:02.704489,2.152454e-02,9.921875e-01
57550,2025-08-20T08:00:57.057549,8.022907e-02,9.843750e-01
57600,2025-08-20T08:01:06.276117,4.864317e-02,9.921875e-01
57650,2025-08-20T08:01:15.467313,8.235885e-03,1.000000e+00
57700,2025-08-20T08:01:24.612390,5.844531e-03,1.000000e+00
57750,2025-08-20T08:01:33.806127,2.269317e-03,1.000000e+00
57800,2025-08-20T08:01:43.269536,5.381887e-02,9.921875e-01
57850,2025-08-20T08:01:52.659970,5.151794e-02,9.921875e-01
57900,2025-08-20T08:02:02.032833,5.481596e-03,1.000000e+00
57950,2025-08-20T08:02:11.301764,5.461447e-02,9.921875e-01
58000,2025-08-20T08:02:20.537306,2.584910e-03,1.000000e+00
58050,2025-08-20T08:04:14.547072,2.827559e-03,1.000000e+00
58100,2025-08-20T08:04:23.740445,5.202319e-02,9.843750e-01
58150,2025-08-20T08:04:32.948464,2.555234e-02,9.921875e-01
58200,2025-08-20T08:04:42.346886,1.655770e-02,9.921875e-01
58250,2025-08-20T08:04:51.761608,4.559438e-03,1.000000e+00
58300,2025-08-20T08:05:01.153524,4.269898e-03,1.000000e+00
58350,2025-08-20T08:05:10.419018,3.395680e-02,9.921875e-01
58400,2025-08-20T08:05:19.597808,4.127584e-02,9.921875e-01
58450,2025-08-20T08:05:28.792974,2.178263e-02,9.921875e-01
58500,2025-08-20T08:05:38.221253,7.952682e-03,1.000000e+00
58550,2025-08-20T08:07:34.244612,6.138421e-03,1.000000e+00
58600,2025-08-20T08:07:43.721316,4.926034e-03,1.000000e+00
58650,2025-08-20T08:07:53.262674,4.677190e-02,9.921875e-01
58700,2025-08-20T08:08:02.492002,3.681137e-03,1.000000e+00
58750,2025-08-20T08:08:11.679979,5.305412e-02,9.921875e-01
58800,2025-08-20T08:08:20.960281,7.169503e-02,9.843750e-01
58850,2025-08-20T08:08:30.282124,5.234774e-03,1.000000e+00
58900,2025-08-20T08:08:39.643456,3.118819e-02,9.921875e-01
58950,2025-08-20T08:08:49.010424,6.886760e-02,9.843750e-01
59000,2025-08-20T08:08:58.350612,2.487767e-02,9.921875e-01
59050,2025-08-20T08:10:52.318529,2.089593e-02,9.921875e-01
59100,2025-08-20T08:11:01.531718,4.149432e-03,1.000000e+00
59150,2025-08-20T08:11:10.753918,2.246709e-03,1.000000e+00
59200,2025-08-20T08:11:19.922351,2.518622e-02,9.921875e-01
59250,2025-08-20T08:11:29.268481,2.800503e-03,1.000000e+00
59300,2025-08-20T08:11:38.708708,7.393973e-02,9.687500e-01
59350,2025-08-20T08:11:48.045136,5.162233e-02,9.843750e-01
59400,2025-08-20T08:11:57.346232,1.032853e-01,9.765625e-01
59450,2025-08-20T08:12:06.579107,4.846234e-03,1.000000e+00
59500,2025-08-20T08:12:15.764259,7.702830e-02,9.843750e-01
59550,2025-08-20T08:14:09.913826,1.334011e-02,9.921875e-01
59600,2025-08-20T08:14:19.035926,4.360999e-03,1.000000e+00
59650,2025-08-20T08:14:28.306037,3.411260e-02,9.921875e-01
59700,2025-08-20T08:14:37.722097,4.614450e-02,9.843750e-01
59750,2025-08-20T08:14:47.150469,8.930661e-02,9.843750e-01
59800,2025-08-20T08:14:56.570880,5.660645e-02,9.921875e-01
59850,2025-08-20T08:15:05.839700,5.180840e-02,9.921875e-01
59900,2025-08-20T08:15:15.095802,3.309142e-02,9.921875e-01
59950,2025-08-20T08:15:24.280323,3.080740e-02,9.921875e-01
60000,2025-08-20T08:15:33.785991,6.069829e-03,1.000000e+00
60050,2025-08-20T08:17:28.206284,3.239281e-03,1.000000e+00
60100,2025-08-20T08:17:37.632814,6.700517e-03,1.000000e+00
60150,2025-08-20T08:17:47.134130,1.869034e-02,9.921875e-01
60200,2025-08-20T08:17:56.533137,3.927844e-02,9.921875e-01
60250,2025-08-20T08:18:05.768289,2.806948e-03,1.000000e+00
60300,2025-08-20T08:18:15.015923,4.123311e-02,9.921875e-01
60350,2025-08-20T08:18:24.261303,3.274552e-02,9.921875e-01
60400,2025-08-20T08:18:33.742035,8.206309e-02,9.843750e-01
60450,2025-08-20T08:18:43.204362,1.475555e-02,9.921875e-01
60500,2025-08-20T08:18:52.692581,4.727278e-02,9.921875e-01
60550,2025-08-20T08:20:47.320178,4.832282e-02,9.921875e-01
60600,2025-08-20T08:20:56.750774,3.948732e-03,1.000000e+00
60650,2025-08-20T08:21:05.983890,6.745616e-03,1.000000e+00
60700,2025-08-20T08:21:15.297385,1.376936e-03,1.000000e+00
60750,2025-08-20T08:21:24.566162,1.480962e-01,9.765625e-01
60800,2025-08-20T08:21:33.982247,2.009198e-03,1.000000e+00
60850,2025-08-20T08:21:43.504197,6.841505e-03,1.000000e+00
60900,2025-08-20T08:21:52.976862,4.516244e-03,1.000000e+00
60950,2025-08-20T08:22:02.203880,3.079522e-03,1.000000e+00
61000,2025-08-20T08:22:11.409674,4.702106e-03,1.000000e+00
61050,2025-08-20T08:24:06.139725,3.449447e-02,9.921875e-01
61100,2025-08-20T08:24:15.455331,2.983132e-03,1.000000e+00
61150,2025-08-20T08:24:24.702064,5.583143e-03,1.000000e+00
61200,2025-08-20T08:24:34.177945,6.724821e-03,1.000000e+00
61250,2025-08-20T08:24:43.604043,4.158832e-02,9.921875e-01
61300,2025-08-20T08:24:53.055227,4.651520e-02,9.921875e-01
61350,2025-08-20T08:25:02.361849,1.049987e-02,9.921875e-01
61400,2025-08-20T08:25:11.575066,3.883264e-02,9.921875e-01
61450,2025-08-20T08:25:20.756681,3.362234e-03,1.000000e+00
61500,2025-08-20T08:25:30.088718,2.378625e-02,9.921875e-01
61550,2025-08-20T08:27:24.371731,1.154933e-01,9.765625e-01
61600,2025-08-20T08:27:33.610896,7.797637e-03,1.000000e+00
61650,2025-08-20T08:27:43.011433,4.199504e-02,9.921875e-01
61700,2025-08-20T08:27:52.450389,4.443388e-02,9.921875e-01
61750,2025-08-20T08:28:01.781653,3.038856e-03,1.000000e+00
61800,2025-08-20T08:28:10.962428,3.798848e-02,9.921875e-01
61850,2025-08-20T08:28:20.115781,5.675916e-03,1.000000e+00
61900,2025-08-20T08:28:29.492791,6.143073e-02,9.765625e-01
61950,2025-08-20T08:28:38.952678,1.204751e-02,9.921875e-01
62000,2025-08-20T08:28:48.396364,1.263719e-01,9.609375e-01
62050,2025-08-20T08:30:44.573672,5.655120e-02,9.765625e-01
62100,2025-08-20T08:30:54.049305,4.605560e-02,9.843750e-01
62150,2025-08-20T08:31:03.292346,4.765471e-02,9.921875e-01
62200,2025-08-20T08:31:12.547951,1.065445e-02,9.921875e-01
62250,2025-08-20T08:31:21.817441,3.053807e-03,1.000000e+00
62300,2025-08-20T08:31:31.162737,4.672776e-02,9.921875e-01
62350,2025-08-20T08:31:40.596411,2.946259e-03,1.000000e+00
62400,2025-08-20T08:31:50.075648,4.328721e-03,1.000000e+00
62450,2025-08-20T08:31:59.395479,1.408404e-02,9.921875e-01
62500,2025-08-20T08:32:08.888357,3.812795e-03,1.000000e+00
62550,2025-08-20T08:34:03.624628,2.722593e-03,1.000000e+00
62600,2025-08-20T08:34:12.861469,6.458874e-02,9.843750e-01
62650,2025-08-20T08:34:22.021080,4.387552e-02,9.921875e-01
62700,2025-08-20T08:34:31.322064,4.942672e-03,1.000000e+00
62750,2025-08-20T08:34:40.732581,2.005000e-03,1.000000e+00
62800,2025-08-20T08:34:50.209212,4.684523e-02,9.921875e-01
62850,2025-08-20T08:34:59.537446,3.913687e-03,1.000000e+00
62900,2025-08-20T08:35:08.819564,8.426598e-02,9.843750e-01
62950,2025-08-20T08:35:18.050176,3.500549e-03,1.000000e+00
63000,2025-08-20T08:35:27.468211,2.611942e-03,1.000000e+00
63050,2025-08-20T08:37:21.613476,2.404700e-02,9.921875e-01
63100,2025-08-20T08:37:30.814753,9.921318e-03,1.000000e+00
63150,2025-08-20T08:37:40.222762,1.135409e-01,9.765625e-01
63200,2025-08-20T08:37:49.666294,8.250214e-03,1.000000e+00
63250,2025-08-20T08:37:59.072382,3.404758e-03,1.000000e+00
63300,2025-08-20T08:38:08.299773,1.566955e-03,1.000000e+00
63350,2025-08-20T08:38:17.608103,1.022403e-02,1.000000e+00
63400,2025-08-20T08:38:26.811054,6.894691e-02,9.921875e-01
63450,2025-08-20T08:38:36.191130,1.029480e-02,9.921875e-01
63500,2025-08-20T08:38:45.649398,8.103062e-03,9.921875e-01
63550,2025-08-20T08:40:40.079692,3.045478e-03,1.000000e+00
63600,2025-08-20T08:40:49.533121,2.227397e-03,1.000000e+00
63650,2025-08-20T08:40:58.931095,3.763532e-03,1.000000e+00
63700,2025-08-20T08:41:08.162350,4.703313e-03,1.000000e+00
63750,2025-08-20T08:41:17.412665,3.285519e-03,1.000000e+00
63800,2025-08-20T08:41:26.641582,1.251643e-02,9.921875e-01
63850,2025-08-20T08:41:36.020124,4.807269e-02,9.921875e-01
63900,2025-08-20T08:41:45.444859,4.209451e-02,9.921875e-01
63950,2025-08-20T08:41:54.877253,5.804342e-03,1.000000e+00
64000,2025-08-20T08:42:04.151491,1.017182e-02,1.000000e+00
64050,2025-08-20T08:43:58.885591,1.675320e-02,9.921875e-01
64100,2025-08-20T08:44:08.128204,1.016522e-02,1.000000e+00
64150,2025-08-20T08:44:17.324770,4.566851e-02,9.921875e-01
64200,2025-08-20T08:44:26.550882,8.743612e-02,9.843750e-01
64250,2025-08-20T08:44:35.877944,3.573048e-03,1.000000e+00
64300,2025-08-20T08:44:45.300018,4.280208e-03,1.000000e+00
64350,2025-08-20T08:44:54.759363,2.493777e-02,9.921875e-01
64400,2025-08-20T08:45:04.075550,3.285491e-02,9.843750e-01
64450,2025-08-20T08:45:13.359952,2.513481e-03,1.000000e+00
64500,2025-08-20T08:45:22.635014,7.060900e-02,9.843750e-01
64550,2025-08-20T08:47:16.949583,3.757959e-03,1.000000e+00
64600,2025-08-20T08:47:26.295054,2.903333e-03,1.000000e+00
64650,2025-08-20T08:47:35.822880,7.931056e-03,1.000000e+00
64700,2025-08-20T08:47:45.281590,3.507986e-03,1.000000e+00
64750,2025-08-20T08:47:54.761273,3.682493e-02,9.921875e-01
64800,2025-08-20T08:48:04.190592,2.609134e-03,1.000000e+00
64850,2025-08-20T08:48:13.377624,4.704786e-02,9.765625e-01
64900,2025-08-20T08:48:22.559351,4.249745e-02,9.843750e-01
64950,2025-08-20T08:48:31.863917,7.472686e-03,1.000000e+00
65000,2025-08-20T08:48:41.275460,4.196214e-03,1.000000e+00
65050,2025-08-20T08:50:35.718455,1.046297e-01,9.687500e-01
65100,2025-08-20T08:50:45.133015,3.817241e-03,1.000000e+00
65150,2025-08-20T08:50:54.614949,9.084033e-03,1.000000e+00
65200,2025-08-20T08:51:04.075812,1.087405e-02,1.000000e+00
65250,2025-08-20T08:51:13.209061,3.310949e-02,9.921875e-01
65300,2025-08-20T08:51:22.506709,2.886389e-03,1.000000e+00
65350,2025-08-20T08:51:31.749931,6.454392e-03,1.000000e+00
65400,2025-08-20T08:51:41.118683,2.301280e-03,1.000000e+00
65450,2025-08-20T08:51:50.674890,8.258853e-03,1.000000e+00
65500,2025-08-20T08:52:00.195441,3.545264e-03,1.000000e+00
65550,2025-08-20T08:53:54.869454,6.340891e-02,9.843750e-01
65600,2025-08-20T08:54:04.315548,1.752872e-03,1.000000e+00
65650,2025-08-20T08:54:13.501726,3.731471e-03,1.000000e+00
65700,2025-08-20T08:54:22.713902,1.021548e-02,9.921875e-01
65750,2025-08-20T08:54:31.940138,4.217237e-03,1.000000e+00
65800,2025-08-20T08:54:41.563324,3.105593e-03,1.000000e+00
65850,2025-08-20T08:54:51.927442,6.258588e-03,1.000000e+00
65900,2025-08-20T08:55:01.640129,8.097807e-03,1.000000e+00
65950,2025-08-20T08:55:11.194839,3.901976e-03,1.000000e+00
66000,2025-08-20T08:55:20.665438,4.435206e-02,9.921875e-01
66050,2025-08-20T08:57:17.970597,4.241603e-03,1.000000e+00
66100,2025-08-20T08:57:27.449635,3.068164e-02,9.921875e-01
66150,2025-08-20T08:57:36.923275,3.164768e-02,9.921875e-01
66200,2025-08-20T08:57:46.456568,4.573603e-02,9.921875e-01
66250,2025-08-20T08:57:56.162578,3.716003e-03,1.000000e+00
66300,2025-08-20T08:58:05.829520,6.881838e-03,1.000000e+00
66350,2025-08-20T08:58:16.886006,3.266886e-03,1.000000e+00
66400,2025-08-20T08:58:27.166355,5.838160e-03,1.000000e+00
66450,2025-08-20T08:58:36.750523,7.246826e-02,9.843750e-01
66500,2025-08-20T08:58:46.477827,6.367227e-02,9.843750e-01
66550,2025-08-20T09:00:48.596967,3.400095e-03,1.000000e+00
66600,2025-08-20T09:00:58.309693,6.393374e-03,1.000000e+00
66650,2025-08-20T09:01:08.003951,5.970108e-03,1.000000e+00
66700,2025-08-20T09:01:17.624690,5.938513e-03,1.000000e+00
66750,2025-08-20T09:01:27.178661,2.869675e-03,1.000000e+00
66800,2025-08-20T09:01:36.722047,3.318992e-02,9.921875e-01
66850,2025-08-20T09:01:46.379700,1.045237e-02,9.921875e-01
66900,2025-08-20T09:01:56.131239,7.456729e-02,9.843750e-01
66950,2025-08-20T09:02:05.829190,5.287496e-02,9.921875e-01
67000,2025-08-20T09:02:15.407467,4.764557e-03,1.000000e+00
67050,2025-08-20T09:04:13.805453,1.126607e-02,9.921875e-01
67100,2025-08-20T09:04:23.314027,5.051855e-02,9.921875e-01
67150,2025-08-20T09:04:32.756292,4.540932e-03,1.000000e+00
67200,2025-08-20T09:04:42.266958,4.879155e-02,9.921875e-01
67250,2025-08-20T09:04:51.954439,1.576355e-02,9.921875e-01
67300,2025-08-20T09:05:01.675390,4.652738e-03,1.000000e+00
67350,2025-08-20T09:05:11.441030,2.887570e-02,9.921875e-01
67400,2025-08-20T09:05:22.474129,8.564666e-03,1.000000e+00
67450,2025-08-20T09:05:32.081167,4.132996e-03,1.000000e+00
67500,2025-08-20T09:05:41.600403,3.145969e-02,9.843750e-01
67550,2025-08-20T09:07:38.254821,9.992287e-03,1.000000e+00
67600,2025-08-20T09:07:47.715282,5.122458e-03,1.000000e+00
67650,2025-08-20T09:07:57.445690,4.857925e-03,1.000000e+00
67700,2025-08-20T09:08:07.189485,3.926489e-03,1.000000e+00
67750,2025-08-20T09:08:16.803691,4.771284e-03,1.000000e+00
67800,2025-08-20T09:08:26.325366,1.784964e-03,1.000000e+00
67850,2025-08-20T09:08:35.950987,6.840251e-02,9.921875e-01
67900,2025-08-20T09:08:45.424685,5.859175e-02,9.921875e-01
67950,2025-08-20T09:08:55.078130,2.375452e-02,9.921875e-01
68000,2025-08-20T09:09:06.911585,5.742413e-02,9.843750e-01
68050,2025-08-20T09:11:05.405642,9.258989e-03,9.921875e-01
68100,2025-08-20T09:11:15.131800,5.327882e-03,1.000000e+00
68150,2025-08-20T09:11:24.738735,1.539525e-02,9.921875e-01
68200,2025-08-20T09:11:34.342854,3.249529e-02,9.921875e-01
68250,2025-08-20T09:11:43.889614,5.549847e-02,9.843750e-01
68300,2025-08-20T09:11:53.583936,2.836335e-03,1.000000e+00
68350,2025-08-20T09:12:03.410740,3.472368e-03,1.000000e+00
68400,2025-08-20T09:12:13.238868,4.232251e-03,1.000000e+00
68450,2025-08-20T09:12:22.902185,4.943108e-02,9.921875e-01
68500,2025-08-20T09:12:32.474814,8.430763e-02,9.843750e-01
68550,2025-08-20T09:14:31.219236,4.640793e-02,9.921875e-01
68600,2025-08-20T09:14:40.745495,4.380681e-03,1.000000e+00
68650,2025-08-20T09:14:50.283282,5.052326e-02,9.843750e-01
68700,2025-08-20T09:14:59.983669,7.983327e-02,9.843750e-01
68750,2025-08-20T09:15:09.758003,3.360337e-02,9.843750e-01
68800,2025-08-20T09:15:19.521920,1.342429e-01,9.765625e-01
68850,2025-08-20T09:15:29.103023,1.826515e-03,1.000000e+00
68900,2025-08-20T09:15:38.621392,2.720014e-03,1.000000e+00
68950,2025-08-20T09:15:48.187995,4.915341e-03,1.000000e+00
69000,2025-08-20T09:15:57.937694,3.723360e-03,1.000000e+00
69050,2025-08-20T09:17:56.913700,1.115986e-02,1.000000e+00
69100,2025-08-20T09:18:06.800506,6.203323e-03,1.000000e+00
69150,2025-08-20T09:18:16.623925,2.245374e-03,1.000000e+00
69200,2025-08-20T09:18:26.298815,4.146309e-02,9.843750e-01
69250,2025-08-20T09:18:35.789832,1.049273e-02,1.000000e+00
69300,2025-08-20T09:18:45.380022,2.648368e-02,9.921875e-01
69350,2025-08-20T09:18:54.981455,5.346193e-03,1.000000e+00
69400,2025-08-20T09:19:04.812506,4.587393e-03,1.000000e+00
69450,2025-08-20T09:19:14.591748,3.865237e-02,9.921875e-01
69500,2025-08-20T09:19:24.310635,3.626706e-02,9.921875e-01
69550,2025-08-20T09:21:25.667512,8.952346e-02,9.843750e-01
69600,2025-08-20T09:21:35.255845,2.173382e-03,1.000000e+00
69650,2025-08-20T09:21:44.768733,5.057010e-03,1.000000e+00
69700,2025-08-20T09:21:54.386594,3.304209e-03,1.000000e+00
69750,2025-08-20T09:22:04.156055,6.794989e-02,9.843750e-01
69800,2025-08-20T09:22:13.997344,3.217938e-02,9.921875e-01
69850,2025-08-20T09:22:23.692288,4.778507e-02,9.921875e-01
69900,2025-08-20T09:22:33.219825,3.287148e-03,1.000000e+00
69950,2025-08-20T09:22:42.691312,7.030058e-03,1.000000e+00
70000,2025-08-20T09:22:52.170789,4.718871e-03,1.000000e+00
70050,2025-08-20T09:24:51.005035,4.153322e-02,9.921875e-01
70100,2025-08-20T09:25:00.598876,6.207195e-03,1.000000e+00
70150,2025-08-20T09:25:10.466269,4.666277e-02,9.921875e-01
70200,2025-08-20T09:25:20.165699,1.296437e-01,9.765625e-01
70250,2025-08-20T09:25:29.793178,4.584226e-02,9.921875e-01
70300,2025-08-20T09:25:39.339658,5.976476e-03,1.000000e+00
70350,2025-08-20T09:25:48.816094,3.146757e-03,1.000000e+00
70400,2025-08-20T09:25:58.417338,1.106635e-02,9.921875e-01
70450,2025-08-20T09:26:08.253725,2.289603e-03,1.000000e+00
70500,2025-08-20T09:26:17.951041,2.293824e-03,1.000000e+00
70550,2025-08-20T09:28:19.768831,1.371520e-02,9.921875e-01
70600,2025-08-20T09:28:30.084068,2.961289e-03,1.000000e+00
70650,2025-08-20T09:28:40.397318,3.079852e-03,1.000000e+00
70700,2025-08-20T09:28:50.511213,5.937063e-02,9.843750e-01
70750,2025-08-20T09:29:00.236574,5.089991e-03,1.000000e+00
70800,2025-08-20T09:29:10.112025,7.220150e-02,9.765625e-01
70850,2025-08-20T09:29:19.953408,3.771702e-03,1.000000e+00
70900,2025-08-20T09:29:29.792070,6.271267e-02,9.921875e-01
70950,2025-08-20T09:29:39.423934,3.537879e-03,1.000000e+00
71000,2025-08-20T09:29:48.997526,7.870144e-02,9.843750e-01
71050,2025-08-20T09:31:51.913483,1.328110e-01,9.765625e-01
71100,2025-08-20T09:32:01.451341,1.015313e-02,9.921875e-01
71150,2025-08-20T09:32:11.211133,1.067661e-02,1.000000e+00
71200,2025-08-20T09:32:21.147225,2.328964e-03,1.000000e+00
71250,2025-08-20T09:32:31.048269,4.286849e-02,9.921875e-01
71300,2025-08-20T09:32:40.775505,8.538797e-03,1.000000e+00
71350,2025-08-20T09:32:50.364828,1.828391e-03,1.000000e+00
71400,2025-08-20T09:32:59.927633,5.499300e-02,9.921875e-01
71450,2025-08-20T09:33:09.848187,7.621374e-03,1.000000e+00
71500,2025-08-20T09:33:20.800506,4.465603e-03,1.000000e+00
71550,2025-08-20T09:35:21.442478,3.697316e-03,1.000000e+00
71600,2025-08-20T09:35:31.214999,1.712600e-02,9.921875e-01
71650,2025-08-20T09:35:40.898516,4.792186e-02,9.921875e-01
71700,2025-08-20T09:35:50.591388,4.888573e-02,9.921875e-01
71750,2025-08-20T09:36:00.184342,5.543293e-03,1.000000e+00
71800,2025-08-20T09:36:09.946645,5.297752e-02,9.921875e-01
71850,2025-08-20T09:36:19.750753,4.294570e-03,1.000000e+00
71900,2025-08-20T09:36:29.596575,5.838034e-02,9.765625e-01
71950,2025-08-20T09:36:39.210889,1.797894e-02,9.921875e-01
72000,2025-08-20T09:36:48.777209,2.269288e-02,9.921875e-01
72050,2025-08-20T09:38:47.918458,3.594904e-02,9.921875e-01
72100,2025-08-20T09:38:57.428219,2.469779e-03,1.000000e+00
72150,2025-08-20T09:39:06.959574,5.016450e-02,9.921875e-01
72200,2025-08-20T09:39:16.846725,4.289616e-02,9.921875e-01
72250,2025-08-20T09:39:26.710831,2.326406e-02,9.921875e-01
72300,2025-08-20T09:39:36.444545,4.710697e-02,9.921875e-01
72350,2025-08-20T09:39:45.998126,7.204358e-03,1.000000e+00
72400,2025-08-20T09:39:55.644353,8.932424e-02,9.765625e-01
72450,2025-08-20T09:40:05.226326,5.193215e-03,1.000000e+00
72500,2025-08-20T09:40:15.025718,5.999446e-02,9.843750e-01
72550,2025-08-20T09:42:14.205525,1.208204e-02,9.921875e-01
72600,2025-08-20T09:42:24.042439,2.398914e-03,1.000000e+00
72650,2025-08-20T09:42:33.914077,7.191945e-02,9.843750e-01
72700,2025-08-20T09:42:43.572768,4.631322e-02,9.921875e-01
72750,2025-08-20T09:42:53.135183,4.529815e-02,9.921875e-01
72800,2025-08-20T09:43:02.766816,5.605665e-03,1.000000e+00
72850,2025-08-20T09:43:12.530661,1.820366e-02,9.921875e-01
72900,2025-08-20T09:43:22.390968,4.291645e-02,9.921875e-01
72950,2025-08-20T09:43:32.221027,5.112038e-02,9.921875e-01
73000,2025-08-20T09:43:41.988622,5.762674e-02,9.921875e-01
73050,2025-08-20T09:45:41.422505,7.865687e-02,9.765625e-01
73100,2025-08-20T09:45:51.003726,4.530731e-03,1.000000e+00
73150,2025-08-20T09:46:00.613118,2.478934e-03,1.000000e+00
73200,2025-08-20T09:46:10.184805,4.875320e-03,1.000000e+00
73250,2025-08-20T09:46:20.002814,3.840502e-02,9.921875e-01
73300,2025-08-20T09:46:29.847765,6.937897e-02,9.843750e-01
73350,2025-08-20T09:46:39.706289,7.819116e-03,1.000000e+00
73400,2025-08-20T09:46:49.342735,4.701239e-02,9.843750e-01
73450,2025-08-20T09:46:58.961920,8.180005e-03,1.000000e+00
73500,2025-08-20T09:47:08.699445,7.829212e-03,1.000000e+00
73550,2025-08-20T09:49:07.848131,4.107879e-03,1.000000e+00
73600,2025-08-20T09:49:17.595438,3.796679e-03,1.000000e+00
73650,2025-08-20T09:49:28.052607,2.860648e-02,9.921875e-01
73700,2025-08-20T09:49:38.262537,4.452079e-03,1.000000e+00
73750,2025-08-20T09:49:48.401974,2.611772e-03,1.000000e+00
73800,2025-08-20T09:49:58.022468,1.692612e-03,1.000000e+00
73850,2025-08-20T09:50:07.620571,3.099661e-02,9.921875e-01
73900,2025-08-20T09:50:17.212384,1.394563e-02,1.000000e+00
73950,2025-08-20T09:50:27.088188,3.883802e-03,1.000000e+00
74000,2025-08-20T09:50:38.612258,4.762627e-03,1.000000e+00
74050,2025-08-20T09:52:55.194277,4.838331e-02,9.921875e-01
74100,2025-08-20T09:53:05.622556,7.164139e-03,1.000000e+00
74150,2025-08-20T09:53:16.310272,1.345789e-02,1.000000e+00
74200,2025-08-20T09:53:28.519804,8.172704e-03,1.000000e+00
74250,2025-08-20T09:53:39.871871,1.403295e-02,9.921875e-01
74300,2025-08-20T09:53:51.886272,1.026158e-02,1.000000e+00
74350,2025-08-20T09:54:03.116017,3.549751e-03,1.000000e+00
74400,2025-08-20T09:54:13.260311,2.124471e-03,1.000000e+00
74450,2025-08-20T09:54:23.157952,5.281754e-03,1.000000e+00
74500,2025-08-20T09:54:34.241382,5.324653e-02,9.843750e-01
74550,2025-08-20T09:56:49.488997,2.887734e-03,1.000000e+00
74600,2025-08-20T09:57:00.583196,4.167351e-03,1.000000e+00
74650,2025-08-20T09:57:11.231533,1.069599e-02,9.921875e-01
74700,2025-08-20T09:57:22.072459,3.083109e-01,9.921875e-01
74750,2025-08-20T09:57:32.308259,3.891063e-02,9.843750e-01
74800,2025-08-20T09:57:43.601229,7.258618e-03,1.000000e+00
74850,2025-08-20T09:57:54.620183,4.442149e-03,1.000000e+00
74900,2025-08-20T09:58:06.862091,4.019515e-03,1.000000e+00
74950,2025-08-20T09:58:17.861114,9.234355e-03,1.000000e+00
75000,2025-08-20T09:58:30.014135,3.108007e-02,9.921875e-01
75050,2025-08-20T10:00:34.763575,4.250364e-02,9.921875e-01
75100,2025-08-20T10:00:44.452132,9.675544e-03,1.000000e+00
75150,2025-08-20T10:00:54.517780,3.656224e-02,9.921875e-01
75200,2025-08-20T10:01:04.289691,4.607079e-03,1.000000e+00
75250,2025-08-20T10:01:14.036326,3.255587e-03,1.000000e+00
75300,2025-08-20T10:01:23.606245,6.138438e-03,1.000000e+00
75350,2025-08-20T10:01:33.160802,4.365421e-03,1.000000e+00
75400,2025-08-20T10:01:42.751327,3.325520e-02,9.921875e-01
75450,2025-08-20T10:01:52.619068,4.269028e-02,9.921875e-01
75500,2025-08-20T10:02:02.419185,5.227553e-02,9.843750e-01
75550,2025-08-20T10:04:01.042477,7.323892e-03,1.000000e+00
75600,2025-08-20T10:04:10.822739,1.798188e-03,1.000000e+00
75650,2025-08-20T10:04:20.942179,3.938678e-02,9.843750e-01
75700,2025-08-20T10:04:30.781445,7.402064e-02,9.765625e-01
75750,2025-08-20T10:04:40.504912,5.768927e-03,1.000000e+00
75800,2025-08-20T10:04:50.492985,5.958509e-02,9.843750e-01
75850,2025-08-20T10:05:00.633334,3.862280e-03,1.000000e+00
75900,2025-08-20T10:05:10.635547,2.227180e-03,1.000000e+00
75950,2025-08-20T10:05:20.428728,2.239903e-02,9.921875e-01
76000,2025-08-20T10:05:29.971920,8.625380e-03,1.000000e+00
76050,2025-08-20T10:07:29.018504,4.345794e-02,9.921875e-01
76100,2025-08-20T10:07:38.653514,5.346101e-03,1.000000e+00
76150,2025-08-20T10:07:48.335786,2.711997e-02,9.921875e-01
76200,2025-08-20T10:07:58.187019,4.271515e-02,9.921875e-01
76250,2025-08-20T10:08:07.974804,1.034183e-02,1.000000e+00
76300,2025-08-20T10:08:17.821435,6.213476e-03,1.000000e+00
76350,2025-08-20T10:08:27.718425,3.342209e-03,1.000000e+00
76400,2025-08-20T10:08:37.398327,4.118453e-03,1.000000e+00
76450,2025-08-20T10:08:47.108689,8.472869e-02,9.765625e-01
76500,2025-08-20T10:08:56.727651,4.420866e-02,9.921875e-01
76550,2025-08-20T10:10:55.125734,4.763771e-03,1.000000e+00
76600,2025-08-20T10:11:04.707939,5.626673e-03,1.000000e+00
76650,2025-08-20T10:11:14.597760,8.331475e-02,9.843750e-01
76700,2025-08-20T10:11:24.468203,1.711199e-02,9.921875e-01
76750,2025-08-20T10:11:34.174028,3.858359e-03,1.000000e+00
76800,2025-08-20T10:11:43.688907,2.733064e-03,1.000000e+00
76850,2025-08-20T10:11:53.233469,4.722339e-03,1.000000e+00
76900,2025-08-20T10:12:02.837985,4.348609e-02,9.921875e-01
76950,2025-08-20T10:12:12.559898,3.763041e-02,9.921875e-01
77000,2025-08-20T10:12:22.390640,4.257778e-03,1.000000e+00
77050,2025-08-20T10:14:20.532405,2.539286e-03,1.000000e+00
77100,2025-08-20T10:14:30.220730,3.411364e-02,9.921875e-01
77150,2025-08-20T10:14:40.050325,3.479186e-03,1.000000e+00
77200,2025-08-20T10:14:49.668545,4.259044e-02,9.921875e-01
77250,2025-08-20T10:14:59.196925,1.609729e-02,9.921875e-01
77300,2025-08-20T10:15:08.726518,5.474221e-02,9.921875e-01
77350,2025-08-20T10:15:18.429732,3.612882e-02,9.921875e-01
77400,2025-08-20T10:15:28.224861,8.874018e-02,9.843750e-01
77450,2025-08-20T10:15:37.988784,6.397581e-02,9.843750e-01
77500,2025-08-20T10:15:47.540397,2.205621e-02,9.921875e-01
77550,2025-08-20T10:17:46.447175,3.744156e-03,1.000000e+00
77600,2025-08-20T10:17:55.978741,8.931390e-03,1.000000e+00
77650,2025-08-20T10:18:05.620127,4.619038e-03,1.000000e+00
77700,2025-08-20T10:18:15.247607,3.984539e-02,9.921875e-01
77750,2025-08-20T10:18:24.978329,2.544302e-03,1.000000e+00
77800,2025-08-20T10:18:34.780349,8.235194e-03,1.000000e+00
77850,2025-08-20T10:18:44.505422,1.738002e-03,1.000000e+00
77900,2025-08-20T10:18:54.086820,6.152668e-03,1.000000e+00
77950,2025-08-20T10:19:03.680031,7.138906e-02,9.843750e-01
78000,2025-08-20T10:19:13.204283,7.754225e-03,1.000000e+00
78050,2025-08-20T10:21:11.419065,1.054419e-02,1.000000e+00
